road_id,nodes,length_km,speed_limit,avg_speed,hour
1,A-B,52,50,50,0
1,A-B,52,50,50,0
1,A-B,52,50,48,0
1,A-B,52,50,45,0
1,A-B,52,50,48,0
1,A-B,52,50,49,0
1,A-B,52,50,50,0
1,A-B,52,50,50,0
1,A-B,52,50,43,0
1,A-B,52,50,46,0
1,A-B,52,50,47,0
1,A-B,52,50,46,0
1,A-B,52,50,46,0
1,A-B,52,50,48,0
1,A-B,52,50,49,0
1,A-B,52,50,50,1
1,A-B,52,50,50,1
1,A-B,52,50,50,1
1,A-B,52,50,50,1
1,A-B,52,50,50,1
1,A-B,52,50,44,1
1,A-B,52,50,46,1
1,A-B,52,50,45,1
1,A-B,52,50,47,1
1,A-B,52,50,48,1
1,A-B,52,50,47,1
1,A-B,52,50,46,1
1,A-B,52,50,45,1
1,A-B,52,50,49,1
1,A-B,52,50,48,1
1,A-B,52,50,50,2
1,A-B,52,50,46,2
1,A-B,52,50,47,2
1,A-B,52,50,45,2
1,A-B,52,50,43,2
1,A-B,52,50,47,2
1,A-B,52,50,48,2
1,A-B,52,50,47,2
1,A-B,52,50,48,2
1,A-B,52,50,49,2
1,A-B,52,50,50,2
1,A-B,52,50,50,2
1,A-B,52,50,50,2
1,A-B,52,50,50,2
1,A-B,52,50,50,2
1,A-B,52,50,50,3
1,A-B,52,50,50,3
1,A-B,52,50,50,3
1,A-B,52,50,49,3
1,A-B,52,50,49,3
1,A-B,52,50,49,3
1,A-B,52,50,47,3
1,A-B,52,50,46,3
1,A-B,52,50,45,3
1,A-B,52,50,50,3
1,A-B,52,50,50,3
1,A-B,52,50,50,3
1,A-B,52,50,44,3
1,A-B,52,50,46,3
1,A-B,52,50,49,3
1,A-B,52,50,50,4
1,A-B,52,50,50,4
1,A-B,52,50,50,4
1,A-B,52,50,50,4
1,A-B,52,50,42,4
1,A-B,52,50,43,4
1,A-B,52,50,49,4
1,A-B,52,50,48,4
1,A-B,52,50,47,4
1,A-B,52,50,46,4
1,A-B,52,50,46,4
1,A-B,52,50,49,4
1,A-B,52,50,50,4
1,A-B,52,50,49,4
1,A-B,52,50,49,4
1,A-B,52,50,50,5
1,A-B,52,50,50,5
1,A-B,52,50,50,5
1,A-B,52,50,49,5
1,A-B,52,50,48,5
1,A-B,52,50,46,5
1,A-B,52,50,47,5
1,A-B,52,50,49,5
1,A-B,52,50,49,5
1,A-B,52,50,50,5
1,A-B,52,50,50,5
1,A-B,52,50,49,5
1,A-B,52,50,49,5
1,A-B,52,50,48,5
1,A-B,52,50,47,5
1,A-B,52,50,50,6
1,A-B,52,50,49,6
1,A-B,52,50,48,6
1,A-B,52,50,49,6
1,A-B,52,50,50,6
1,A-B,52,50,49,6
1,A-B,52,50,49,6
1,A-B,52,50,47,6
1,A-B,52,50,47,6
1,A-B,52,50,46,6
1,A-B,52,50,45,6
1,A-B,52,50,42,6
1,A-B,52,50,43,6
1,A-B,52,50,41,6
1,A-B,52,50,49,6
1,A-B,52,50,44,7
1,A-B,52,50,42,7
1,A-B,52,50,41,7
1,A-B,52,50,39,7
1,A-B,52,50,38,7
1,A-B,52,50,36,7
1,A-B,52,50,49,7
1,A-B,52,50,44,7
1,A-B,52,50,41,7
1,A-B,52,50,42,7
1,A-B,52,50,40,7
1,A-B,52,50,39,7
1,A-B,52,50,38,7
1,A-B,52,50,46,7
1,A-B,52,50,45,7
1,A-B,52,50,39,8
1,A-B,52,50,39,8
1,A-B,52,50,39,8
1,A-B,52,50,35,8
1,A-B,52,50,36,8
1,A-B,52,50,38,8
1,A-B,52,50,37,8
1,A-B,52,50,31,8
1,A-B,52,50,35,8
1,A-B,52,50,33,8
1,A-B,52,50,40,8
1,A-B,52,50,42,8
1,A-B,52,50,43,8
1,A-B,52,50,41,8
1,A-B,52,50,44,8
1,A-B,52,50,46,9
1,A-B,52,50,41,9
1,A-B,52,50,36,9
1,A-B,52,50,35,9
1,A-B,52,50,39,9
1,A-B,52,50,39,9
1,A-B,52,50,38,9
1,A-B,52,50,42,9
1,A-B,52,50,41,9
1,A-B,52,50,41,9
1,A-B,52,50,43,9
1,A-B,52,50,46,9
1,A-B,52,50,45,9
1,A-B,52,50,41,9
1,A-B,52,50,44,9
1,A-B,52,50,39,10
1,A-B,52,50,36,10
1,A-B,52,50,34,10
1,A-B,52,50,32,10
1,A-B,52,50,32,10
1,A-B,52,50,35,10
1,A-B,52,50,37,10
1,A-B,52,50,37,10
1,A-B,52,50,41,10
1,A-B,52,50,42,10
1,A-B,52,50,40,10
1,A-B,52,50,43,10
1,A-B,52,50,43,10
1,A-B,52,50,43,10
1,A-B,52,50,40,10
1,A-B,52,50,44,11
1,A-B,52,50,42,11
1,A-B,52,50,41,11
1,A-B,52,50,41,11
1,A-B,52,50,36,11
1,A-B,52,50,36,11
1,A-B,52,50,35,11
1,A-B,52,50,37,11
1,A-B,52,50,38,11
1,A-B,52,50,39,11
1,A-B,52,50,36,11
1,A-B,52,50,40,11
1,A-B,52,50,43,11
1,A-B,52,50,46,11
1,A-B,52,50,42,11
1,A-B,52,50,36,12
1,A-B,52,50,46,12
1,A-B,52,50,42,12
1,A-B,52,50,42,12
1,A-B,52,50,41,12
1,A-B,52,50,43,12
1,A-B,52,50,35,12
1,A-B,52,50,36,12
1,A-B,52,50,37,12
1,A-B,52,50,38,12
1,A-B,52,50,50,12
1,A-B,52,50,31,12
1,A-B,52,50,21,12
1,A-B,52,50,36,12
1,A-B,52,50,34,12
1,A-B,52,50,37,13
1,A-B,52,50,36,13
1,A-B,52,50,39,13
1,A-B,52,50,40,13
1,A-B,52,50,40,13
1,A-B,52,50,42,13
1,A-B,52,50,41,13
1,A-B,52,50,43,13
1,A-B,52,50,43,13
1,A-B,52,50,46,13
1,A-B,52,50,46,13
1,A-B,52,50,36,13
1,A-B,52,50,32,13
1,A-B,52,50,36,13
1,A-B,52,50,34,13
1,A-B,52,50,38,14
1,A-B,52,50,49,14
1,A-B,52,50,46,14
1,A-B,52,50,36,14
1,A-B,52,50,38,14
1,A-B,52,50,36,14
1,A-B,52,50,34,14
1,A-B,52,50,36,14
1,A-B,52,50,35,14
1,A-B,52,50,34,14
1,A-B,52,50,41,14
1,A-B,52,50,42,14
1,A-B,52,50,41,14
1,A-B,52,50,46,14
1,A-B,52,50,45,14
1,A-B,52,50,40,15
1,A-B,52,50,40,15
1,A-B,52,50,41,15
1,A-B,52,50,42,15
1,A-B,52,50,43,15
1,A-B,52,50,36,15
1,A-B,52,50,39,15
1,A-B,52,50,38,15
1,A-B,52,50,36,15
1,A-B,52,50,35,15
1,A-B,52,50,41,15
1,A-B,52,50,42,15
1,A-B,52,50,43,15
1,A-B,52,50,40,15
1,A-B,52,50,41,15
1,A-B,52,50,36,16
1,A-B,52,50,35,16
1,A-B,52,50,34,16
1,A-B,52,50,32,16
1,A-B,52,50,36,16
1,A-B,52,50,36,16
1,A-B,52,50,35,16
1,A-B,52,50,31,16
1,A-B,52,50,34,16
1,A-B,52,50,40,16
1,A-B,52,50,41,16
1,A-B,52,50,43,16
1,A-B,52,50,45,16
1,A-B,52,50,46,16
1,A-B,52,50,35,16
1,A-B,52,50,36,17
1,A-B,52,50,37,17
1,A-B,52,50,32,17
1,A-B,52,50,35,17
1,A-B,52,50,31,17
1,A-B,52,50,36,17
1,A-B,52,50,34,17
1,A-B,52,50,32,17
1,A-B,52,50,31,17
1,A-B,52,50,31,17
1,A-B,52,50,30,17
1,A-B,52,50,29,17
1,A-B,52,50,36,17
1,A-B,52,50,35,17
1,A-B,52,50,34,17
1,A-B,52,50,36,18
1,A-B,52,50,35,18
1,A-B,52,50,30,18
1,A-B,52,50,34,18
1,A-B,52,50,36,18
1,A-B,52,50,32,18
1,A-B,52,50,31,18
1,A-B,52,50,35,18
1,A-B,52,50,32,18
1,A-B,52,50,39,18
1,A-B,52,50,36,18
1,A-B,52,50,37,18
1,A-B,52,50,35,18
1,A-B,52,50,32,18
1,A-B,52,50,30,18
1,A-B,52,50,31,19
1,A-B,52,50,39,19
1,A-B,52,50,40,19
1,A-B,52,50,42,19
1,A-B,52,50,33,19
1,A-B,52,50,36,19
1,A-B,52,50,34,19
1,A-B,52,50,37,19
1,A-B,52,50,42,19
1,A-B,52,50,41,19
1,A-B,52,50,43,19
1,A-B,52,50,46,19
1,A-B,52,50,49,19
1,A-B,52,50,37,19
1,A-B,52,50,46,19
1,A-B,52,50,45,20
1,A-B,52,50,43,20
1,A-B,52,50,42,20
1,A-B,52,50,45,20
1,A-B,52,50,48,20
1,A-B,52,50,49,20
1,A-B,52,50,47,20
1,A-B,52,50,50,20
1,A-B,52,50,42,20
1,A-B,52,50,43,20
1,A-B,52,50,46,20
1,A-B,52,50,48,20
1,A-B,52,50,47,20
1,A-B,52,50,45,20
1,A-B,52,50,46,20
1,A-B,52,50,46,21
1,A-B,52,50,49,21
1,A-B,52,50,48,21
1,A-B,52,50,46,21
1,A-B,52,50,45,21
1,A-B,52,50,44,21
1,A-B,52,50,42,21
1,A-B,52,50,43,21
1,A-B,52,50,46,21
1,A-B,52,50,49,21
1,A-B,52,50,48,21
1,A-B,52,50,47,21
1,A-B,52,50,46,21
1,A-B,52,50,41,21
1,A-B,52,50,41,21
1,A-B,52,50,44,22
1,A-B,52,50,46,22
1,A-B,52,50,49,22
1,A-B,52,50,48,22
1,A-B,52,50,50,22
1,A-B,52,50,50,22
1,A-B,52,50,45,22
1,A-B,52,50,46,22
1,A-B,52,50,49,22
1,A-B,52,50,48,22
1,A-B,52,50,47,22
1,A-B,52,50,43,22
1,A-B,52,50,41,22
1,A-B,52,50,40,22
1,A-B,52,50,43,22
1,A-B,52,50,46,23
1,A-B,52,50,45,23
1,A-B,52,50,44,23
1,A-B,52,50,44,23
1,A-B,52,50,49,23
1,A-B,52,50,49,23
1,A-B,52,50,49,23
1,A-B,52,50,50,23
1,A-B,52,50,50,23
1,A-B,52,50,43,23
1,A-B,52,50,46,23
1,A-B,52,50,49,23
1,A-B,52,50,48,23
1,A-B,52,50,48,23
1,A-B,52,50,47,23
2,A-D,87,60,60,0
2,A-D,87,60,60,0
2,A-D,87,60,60,0
2,A-D,87,60,57,0
2,A-D,87,60,56,0
2,A-D,87,60,60,0
2,A-D,87,60,59,0
2,A-D,87,60,59,0
2,A-D,87,60,57,0
2,A-D,87,60,56,0
2,A-D,87,60,60,0
2,A-D,87,60,60,0
2,A-D,87,60,60,0
2,A-D,87,60,57,0
2,A-D,87,60,59,0
2,A-D,87,60,54,1
2,A-D,87,60,51,1
2,A-D,87,60,60,1
2,A-D,87,60,59,1
2,A-D,87,60,59,1
2,A-D,87,60,59,1
2,A-D,87,60,59,1
2,A-D,87,60,60,1
2,A-D,87,60,60,1
2,A-D,87,60,60,1
2,A-D,87,60,57,1
2,A-D,87,60,60,1
2,A-D,87,60,60,1
2,A-D,87,60,54,1
2,A-D,87,60,53,1
2,A-D,87,60,59,2
2,A-D,87,60,59,2
2,A-D,87,60,57,2
2,A-D,87,60,58,2
2,A-D,87,60,54,2
2,A-D,87,60,60,2
2,A-D,87,60,60,2
2,A-D,87,60,60,2
2,A-D,87,60,60,2
2,A-D,87,60,60,2
2,A-D,87,60,59,2
2,A-D,87,60,57,2
2,A-D,87,60,50,2
2,A-D,87,60,54,2
2,A-D,87,60,53,2
2,A-D,87,60,60,3
2,A-D,87,60,60,3
2,A-D,87,60,60,3
2,A-D,87,60,60,3
2,A-D,87,60,59,3
2,A-D,87,60,58,3
2,A-D,87,60,57,3
2,A-D,87,60,60,3
2,A-D,87,60,59,3
2,A-D,87,60,60,3
2,A-D,87,60,59,3
2,A-D,87,60,59,3
2,A-D,87,60,58,3
2,A-D,87,60,56,3
2,A-D,87,60,56,3
2,A-D,87,60,60,4
2,A-D,87,60,60,4
2,A-D,87,60,60,4
2,A-D,87,60,60,4
2,A-D,87,60,60,4
2,A-D,87,60,60,4
2,A-D,87,60,60,4
2,A-D,87,60,59,4
2,A-D,87,60,59,4
2,A-D,87,60,58,4
2,A-D,87,60,57,4
2,A-D,87,60,54,4
2,A-D,87,60,51,4
2,A-D,87,60,60,4
2,A-D,87,60,60,4
2,A-D,87,60,53,5
2,A-D,87,60,60,5
2,A-D,87,60,60,5
2,A-D,87,60,60,5
2,A-D,87,60,60,5
2,A-D,87,60,59,5
2,A-D,87,60,59,5
2,A-D,87,60,58,5
2,A-D,87,60,57,5
2,A-D,87,60,56,5
2,A-D,87,60,54,5
2,A-D,87,60,55,5
2,A-D,87,60,51,5
2,A-D,87,60,60,5
2,A-D,87,60,60,5
2,A-D,87,60,51,6
2,A-D,87,60,53,6
2,A-D,87,60,55,6
2,A-D,87,60,60,6
2,A-D,87,60,60,6
2,A-D,87,60,59,6
2,A-D,87,60,57,6
2,A-D,87,60,54,6
2,A-D,87,60,54,6
2,A-D,87,60,54,6
2,A-D,87,60,51,6
2,A-D,87,60,53,6
2,A-D,87,60,56,6
2,A-D,87,60,53,6
2,A-D,87,60,52,6
2,A-D,87,60,50,7
2,A-D,87,60,53,7
2,A-D,87,60,49,7
2,A-D,87,60,48,7
2,A-D,87,60,46,7
2,A-D,87,60,50,7
2,A-D,87,60,51,7
2,A-D,87,60,52,7
2,A-D,87,60,53,7
2,A-D,87,60,53,7
2,A-D,87,60,53,7
2,A-D,87,60,56,7
2,A-D,87,60,54,7
2,A-D,87,60,50,7
2,A-D,87,60,40,7
2,A-D,87,60,43,8
2,A-D,87,60,45,8
2,A-D,87,60,41,8
2,A-D,87,60,50,8
2,A-D,87,60,53,8
2,A-D,87,60,52,8
2,A-D,87,60,51,8
2,A-D,87,60,48,8
2,A-D,87,60,49,8
2,A-D,87,60,47,8
2,A-D,87,60,42,8
2,A-D,87,60,30,8
2,A-D,87,60,50,8
2,A-D,87,60,40,8
2,A-D,87,60,39,8
2,A-D,87,60,39,9
2,A-D,87,60,38,9
2,A-D,87,60,38,9
2,A-D,87,60,37,9
2,A-D,87,60,40,9
2,A-D,87,60,42,9
2,A-D,87,60,43,9
2,A-D,87,60,46,9
2,A-D,87,60,45,9
2,A-D,87,60,49,9
2,A-D,87,60,47,9
2,A-D,87,60,48,9
2,A-D,87,60,46,9
2,A-D,87,60,45,9
2,A-D,87,60,42,9
2,A-D,87,60,41,10
2,A-D,87,60,40,10
2,A-D,87,60,39,10
2,A-D,87,60,44,10
2,A-D,87,60,43,10
2,A-D,87,60,42,10
2,A-D,87,60,41,10
2,A-D,87,60,45,10
2,A-D,87,60,37,10
2,A-D,87,60,38,10
2,A-D,87,60,39,10
2,A-D,87,60,34,10
2,A-D,87,60,36,10
2,A-D,87,60,40,10
2,A-D,87,60,42,10
2,A-D,87,60,43,11
2,A-D,87,60,45,11
2,A-D,87,60,46,11
2,A-D,87,60,51,11
2,A-D,87,60,52,11
2,A-D,87,60,47,11
2,A-D,87,60,49,11
2,A-D,87,60,48,11
2,A-D,87,60,42,11
2,A-D,87,60,45,11
2,A-D,87,60,45,11
2,A-D,87,60,45,11
2,A-D,87,60,47,11
2,A-D,87,60,49,11
2,A-D,87,60,51,11
2,A-D,87,60,52,12
2,A-D,87,60,53,12
2,A-D,87,60,52,12
2,A-D,87,60,56,12
2,A-D,87,60,54,12
2,A-D,87,60,45,12
2,A-D,87,60,52,12
2,A-D,87,60,45,12
2,A-D,87,60,49,12
2,A-D,87,60,46,12
2,A-D,87,60,48,12
2,A-D,87,60,47,12
2,A-D,87,60,43,12
2,A-D,87,60,53,12
2,A-D,87,60,43,12
2,A-D,87,60,45,13
2,A-D,87,60,56,13
2,A-D,87,60,55,13
2,A-D,87,60,52,13
2,A-D,87,60,53,13
2,A-D,87,60,51,13
2,A-D,87,60,54,13
2,A-D,87,60,52,13
2,A-D,87,60,40,13
2,A-D,87,60,49,13
2,A-D,87,60,48,13
2,A-D,87,60,42,13
2,A-D,87,60,53,13
2,A-D,87,60,52,13
2,A-D,87,60,45,13
2,A-D,87,60,42,14
2,A-D,87,60,48,14
2,A-D,87,60,45,14
2,A-D,87,60,43,14
2,A-D,87,60,45,14
2,A-D,87,60,42,14
2,A-D,87,60,47,14
2,A-D,87,60,46,14
2,A-D,87,60,42,14
2,A-D,87,60,48,14
2,A-D,87,60,46,14
2,A-D,87,60,45,14
2,A-D,87,60,42,14
2,A-D,87,60,54,14
2,A-D,87,60,52,14
2,A-D,87,60,43,15
2,A-D,87,60,47,15
2,A-D,87,60,46,15
2,A-D,87,60,48,15
2,A-D,87,60,42,15
2,A-D,87,60,49,15
2,A-D,87,60,48,15
2,A-D,87,60,47,15
2,A-D,87,60,46,15
2,A-D,87,60,45,15
2,A-D,87,60,42,15
2,A-D,87,60,50,15
2,A-D,87,60,59,15
2,A-D,87,60,60,15
2,A-D,87,60,55,15
2,A-D,87,60,50,16
2,A-D,87,60,52,16
2,A-D,87,60,42,16
2,A-D,87,60,46,16
2,A-D,87,60,48,16
2,A-D,87,60,47,16
2,A-D,87,60,45,16
2,A-D,87,60,43,16
2,A-D,87,60,46,16
2,A-D,87,60,42,16
2,A-D,87,60,39,16
2,A-D,87,60,38,16
2,A-D,87,60,35,16
2,A-D,87,60,36,16
2,A-D,87,60,33,16
2,A-D,87,60,39,17
2,A-D,87,60,38,17
2,A-D,87,60,42,17
2,A-D,87,60,41,17
2,A-D,87,60,43,17
2,A-D,87,60,46,17
2,A-D,87,60,39,17
2,A-D,87,60,38,17
2,A-D,87,60,46,17
2,A-D,87,60,35,17
2,A-D,87,60,37,17
2,A-D,87,60,33,17
2,A-D,87,60,36,17
2,A-D,87,60,39,17
2,A-D,87,60,42,17
2,A-D,87,60,43,18
2,A-D,87,60,41,18
2,A-D,87,60,45,18
2,A-D,87,60,46,18
2,A-D,87,60,42,18
2,A-D,87,60,35,18
2,A-D,87,60,39,18
2,A-D,87,60,44,18
2,A-D,87,60,46,18
2,A-D,87,60,45,18
2,A-D,87,60,42,18
2,A-D,87,60,41,18
2,A-D,87,60,42,18
2,A-D,87,60,48,18
2,A-D,87,60,47,18
2,A-D,87,60,50,19
2,A-D,87,60,52,19
2,A-D,87,60,51,19
2,A-D,87,60,51,19
2,A-D,87,60,49,19
2,A-D,87,60,48,19
2,A-D,87,60,45,19
2,A-D,87,60,46,19
2,A-D,87,60,47,19
2,A-D,87,60,43,19
2,A-D,87,60,46,19
2,A-D,87,60,51,19
2,A-D,87,60,52,19
2,A-D,87,60,56,19
2,A-D,87,60,53,19
2,A-D,87,60,54,20
2,A-D,87,60,50,20
2,A-D,87,60,50,20
2,A-D,87,60,56,20
2,A-D,87,60,54,20
2,A-D,87,60,57,20
2,A-D,87,60,51,20
2,A-D,87,60,45,20
2,A-D,87,60,49,20
2,A-D,87,60,45,20
2,A-D,87,60,46,20
2,A-D,87,60,48,20
2,A-D,87,60,47,20
2,A-D,87,60,46,20
2,A-D,87,60,43,20
2,A-D,87,60,43,21
2,A-D,87,60,42,21
2,A-D,87,60,51,21
2,A-D,87,60,52,21
2,A-D,87,60,56,21
2,A-D,87,60,53,21
2,A-D,87,60,52,21
2,A-D,87,60,54,21
2,A-D,87,60,54,21
2,A-D,87,60,59,21
2,A-D,87,60,58,21
2,A-D,87,60,50,21
2,A-D,87,60,60,21
2,A-D,87,60,53,21
2,A-D,87,60,52,21
2,A-D,87,60,54,22
2,A-D,87,60,57,22
2,A-D,87,60,55,22
2,A-D,87,60,52,22
2,A-D,87,60,53,22
2,A-D,87,60,56,22
2,A-D,87,60,59,22
2,A-D,87,60,58,22
2,A-D,87,60,56,22
2,A-D,87,60,56,22
2,A-D,87,60,53,22
2,A-D,87,60,53,22
2,A-D,87,60,54,22
2,A-D,87,60,51,22
2,A-D,87,60,53,22
2,A-D,87,60,53,23
2,A-D,87,60,51,23
2,A-D,87,60,55,23
2,A-D,87,60,60,23
2,A-D,87,60,53,23
2,A-D,87,60,54,23
2,A-D,87,60,52,23
2,A-D,87,60,59,23
2,A-D,87,60,58,23
2,A-D,87,60,59,23
2,A-D,87,60,60,23
2,A-D,87,60,57,23
2,A-D,87,60,54,23
2,A-D,87,60,56,23
2,A-D,87,60,56,23
3,B-C,72,55,55,0
3,B-C,72,55,55,0
3,B-C,72,55,55,0
3,B-C,72,55,55,0
3,B-C,72,55,55,0
3,B-C,72,55,55,0
3,B-C,72,55,54,0
3,B-C,72,55,51,0
3,B-C,72,55,52,0
3,B-C,72,55,49,0
3,B-C,72,55,48,0
3,B-C,72,55,45,0
3,B-C,72,55,46,0
3,B-C,72,55,43,0
3,B-C,72,55,47,0
3,B-C,72,55,55,1
3,B-C,72,55,55,1
3,B-C,72,55,55,1
3,B-C,72,55,55,1
3,B-C,72,55,55,1
3,B-C,72,55,55,1
3,B-C,72,55,54,1
3,B-C,72,55,54,1
3,B-C,72,55,53,1
3,B-C,72,55,52,1
3,B-C,72,55,53,1
3,B-C,72,55,54,1
3,B-C,72,55,51,1
3,B-C,72,55,52,1
3,B-C,72,55,54,1
3,B-C,72,55,55,2
3,B-C,72,55,55,2
3,B-C,72,55,55,2
3,B-C,72,55,55,2
3,B-C,72,55,55,2
3,B-C,72,55,55,2
3,B-C,72,55,55,2
3,B-C,72,55,54,2
3,B-C,72,55,51,2
3,B-C,72,55,52,2
3,B-C,72,55,53,2
3,B-C,72,55,50,2
3,B-C,72,55,55,2
3,B-C,72,55,54,2
3,B-C,72,55,52,2
3,B-C,72,55,53,3
3,B-C,72,55,51,3
3,B-C,72,55,52,3
3,B-C,72,55,52,3
3,B-C,72,55,53,3
3,B-C,72,55,51,3
3,B-C,72,55,51,3
3,B-C,72,55,51,3
3,B-C,72,55,52,3
3,B-C,72,55,55,3
3,B-C,72,55,55,3
3,B-C,72,55,55,3
3,B-C,72,55,55,3
3,B-C,72,55,55,3
3,B-C,72,55,55,3
3,B-C,72,55,53,4
3,B-C,72,55,54,4
3,B-C,72,55,53,4
3,B-C,72,55,52,4
3,B-C,72,55,53,4
3,B-C,72,55,49,4
3,B-C,72,55,48,4
3,B-C,72,55,49,4
3,B-C,72,55,50,4
3,B-C,72,55,55,4
3,B-C,72,55,53,4
3,B-C,72,55,52,4
3,B-C,72,55,54,4
3,B-C,72,55,55,4
3,B-C,72,55,54,4
3,B-C,72,55,52,5
3,B-C,72,55,51,5
3,B-C,72,55,55,5
3,B-C,72,55,52,5
3,B-C,72,55,49,5
3,B-C,72,55,46,5
3,B-C,72,55,48,5
3,B-C,72,55,49,5
3,B-C,72,55,55,5
3,B-C,72,55,52,5
3,B-C,72,55,53,5
3,B-C,72,55,53,5
3,B-C,72,55,52,5
3,B-C,72,55,51,5
3,B-C,72,55,54,5
3,B-C,72,55,49,6
3,B-C,72,55,48,6
3,B-C,72,55,48,6
3,B-C,72,55,49,6
3,B-C,72,55,46,6
3,B-C,72,55,45,6
3,B-C,72,55,47,6
3,B-C,72,55,46,6
3,B-C,72,55,49,6
3,B-C,72,55,48,6
3,B-C,72,55,45,6
3,B-C,72,55,46,6
3,B-C,72,55,43,6
3,B-C,72,55,45,6
3,B-C,72,55,48,6
3,B-C,72,55,47,7
3,B-C,72,55,46,7
3,B-C,72,55,44,7
3,B-C,72,55,42,7
3,B-C,72,55,43,7
3,B-C,72,55,43,7
3,B-C,72,55,43,7
3,B-C,72,55,41,7
3,B-C,72,55,49,7
3,B-C,72,55,46,7
3,B-C,72,55,42,7
3,B-C,72,55,43,7
3,B-C,72,55,43,7
3,B-C,72,55,46,7
3,B-C,72,55,45,7
3,B-C,72,55,46,8
3,B-C,72,55,43,8
3,B-C,72,55,46,8
3,B-C,72,55,46,8
3,B-C,72,55,39,8
3,B-C,72,55,38,8
3,B-C,72,55,39,8
3,B-C,72,55,36,8
3,B-C,72,55,34,8
3,B-C,72,55,39,8
3,B-C,72,55,39,8
3,B-C,72,55,40,8
3,B-C,72,55,46,8
3,B-C,72,55,50,8
3,B-C,72,55,43,8
3,B-C,72,55,46,9
3,B-C,72,55,49,9
3,B-C,72,55,42,9
3,B-C,72,55,42,9
3,B-C,72,55,42,9
3,B-C,72,55,41,9
3,B-C,72,55,41,9
3,B-C,72,55,46,9
3,B-C,72,55,42,9
3,B-C,72,55,41,9
3,B-C,72,55,40,9
3,B-C,72,55,39,9
3,B-C,72,55,36,9
3,B-C,72,55,39,9
3,B-C,72,55,39,9
3,B-C,72,55,39,10
3,B-C,72,55,39,10
3,B-C,72,55,39,10
3,B-C,72,55,39,10
3,B-C,72,55,35,10
3,B-C,72,55,36,10
3,B-C,72,55,34,10
3,B-C,72,55,36,10
3,B-C,72,55,34,10
3,B-C,72,55,32,10
3,B-C,72,55,30,10
3,B-C,72,55,35,10
3,B-C,72,55,36,10
3,B-C,72,55,38,10
3,B-C,72,55,37,10
3,B-C,72,55,33,11
3,B-C,72,55,31,11
3,B-C,72,55,35,11
3,B-C,72,55,36,11
3,B-C,72,55,40,11
3,B-C,72,55,46,11
3,B-C,72,55,43,11
3,B-C,72,55,46,11
3,B-C,72,55,45,11
3,B-C,72,55,40,11
3,B-C,72,55,42,11
3,B-C,72,55,46,11
3,B-C,72,55,49,11
3,B-C,72,55,48,11
3,B-C,72,55,45,11
3,B-C,72,55,42,12
3,B-C,72,55,41,12
3,B-C,72,55,43,12
3,B-C,72,55,40,12
3,B-C,72,55,46,12
3,B-C,72,55,42,12
3,B-C,72,55,43,12
3,B-C,72,55,44,12
3,B-C,72,55,41,12
3,B-C,72,55,39,12
3,B-C,72,55,44,12
3,B-C,72,55,46,12
3,B-C,72,55,45,12
3,B-C,72,55,48,12
3,B-C,72,55,47,12
3,B-C,72,55,43,13
3,B-C,72,55,45,13
3,B-C,72,55,46,13
3,B-C,72,55,43,13
3,B-C,72,55,42,13
3,B-C,72,55,46,13
3,B-C,72,55,45,13
3,B-C,72,55,39,13
3,B-C,72,55,38,13
3,B-C,72,55,36,13
3,B-C,72,55,35,13
3,B-C,72,55,38,13
3,B-C,72,55,39,13
3,B-C,72,55,44,13
3,B-C,72,55,55,13
3,B-C,72,55,54,14
3,B-C,72,55,52,14
3,B-C,72,55,53,14
3,B-C,72,55,51,14
3,B-C,72,55,50,14
3,B-C,72,55,49,14
3,B-C,72,55,46,14
3,B-C,72,55,46,14
3,B-C,72,55,45,14
3,B-C,72,55,43,14
3,B-C,72,55,49,14
3,B-C,72,55,47,14
3,B-C,72,55,48,14
3,B-C,72,55,46,14
3,B-C,72,55,45,14
3,B-C,72,55,42,15
3,B-C,72,55,47,15
3,B-C,72,55,49,15
3,B-C,72,55,49,15
3,B-C,72,55,48,15
3,B-C,72,55,46,15
3,B-C,72,55,45,15
3,B-C,72,55,43,15
3,B-C,72,55,42,15
3,B-C,72,55,41,15
3,B-C,72,55,46,15
3,B-C,72,55,49,15
3,B-C,72,55,48,15
3,B-C,72,55,46,15
3,B-C,72,55,48,15
3,B-C,72,55,47,16
3,B-C,72,55,45,16
3,B-C,72,55,43,16
3,B-C,72,55,42,16
3,B-C,72,55,40,16
3,B-C,72,55,44,16
3,B-C,72,55,50,16
3,B-C,72,55,39,16
3,B-C,72,55,36,16
3,B-C,72,55,36,16
3,B-C,72,55,35,16
3,B-C,72,55,38,16
3,B-C,72,55,37,16
3,B-C,72,55,38,16
3,B-C,72,55,39,16
3,B-C,72,55,37,17
3,B-C,72,55,38,17
3,B-C,72,55,35,17
3,B-C,72,55,35,17
3,B-C,72,55,36,17
3,B-C,72,55,39,17
3,B-C,72,55,39,17
3,B-C,72,55,40,17
3,B-C,72,55,44,17
3,B-C,72,55,42,17
3,B-C,72,55,43,17
3,B-C,72,55,41,17
3,B-C,72,55,40,17
3,B-C,72,55,43,17
3,B-C,72,55,35,17
3,B-C,72,55,39,18
3,B-C,72,55,36,18
3,B-C,72,55,35,18
3,B-C,72,55,38,18
3,B-C,72,55,34,18
3,B-C,72,55,40,18
3,B-C,72,55,41,18
3,B-C,72,55,42,18
3,B-C,72,55,43,18
3,B-C,72,55,45,18
3,B-C,72,55,46,18
3,B-C,72,55,42,18
3,B-C,72,55,41,18
3,B-C,72,55,51,18
3,B-C,72,55,43,18
3,B-C,72,55,42,19
3,B-C,72,55,40,19
3,B-C,72,55,43,19
3,B-C,72,55,50,19
3,B-C,72,55,46,19
3,B-C,72,55,43,19
3,B-C,72,55,45,19
3,B-C,72,55,48,19
3,B-C,72,55,47,19
3,B-C,72,55,46,19
3,B-C,72,55,43,19
3,B-C,72,55,43,19
3,B-C,72,55,45,19
3,B-C,72,55,49,19
3,B-C,72,55,49,19
3,B-C,72,55,46,20
3,B-C,72,55,47,20
3,B-C,72,55,48,20
3,B-C,72,55,49,20
3,B-C,72,55,50,20
3,B-C,72,55,50,20
3,B-C,72,55,53,20
3,B-C,72,55,54,20
3,B-C,72,55,42,20
3,B-C,72,55,43,20
3,B-C,72,55,49,20
3,B-C,72,55,46,20
3,B-C,72,55,48,20
3,B-C,72,55,47,20
3,B-C,72,55,46,20
3,B-C,72,55,46,21
3,B-C,72,55,49,21
3,B-C,72,55,48,21
3,B-C,72,55,46,21
3,B-C,72,55,45,21
3,B-C,72,55,45,21
3,B-C,72,55,49,21
3,B-C,72,55,50,21
3,B-C,72,55,55,21
3,B-C,72,55,53,21
3,B-C,72,55,51,21
3,B-C,72,55,52,21
3,B-C,72,55,53,21
3,B-C,72,55,54,21
3,B-C,72,55,51,21
3,B-C,72,55,50,22
3,B-C,72,55,53,22
3,B-C,72,55,53,22
3,B-C,72,55,55,22
3,B-C,72,55,52,22
3,B-C,72,55,51,22
3,B-C,72,55,53,22
3,B-C,72,55,53,22
3,B-C,72,55,51,22
3,B-C,72,55,52,22
3,B-C,72,55,53,22
3,B-C,72,55,53,22
3,B-C,72,55,51,22
3,B-C,72,55,52,22
3,B-C,72,55,54,22
3,B-C,72,55,55,23
3,B-C,72,55,52,23
3,B-C,72,55,53,23
3,B-C,72,55,52,23
3,B-C,72,55,53,23
3,B-C,72,55,55,23
3,B-C,72,55,55,23
3,B-C,72,55,55,23
3,B-C,72,55,55,23
3,B-C,72,55,51,23
3,B-C,72,55,54,23
3,B-C,72,55,52,23
3,B-C,72,55,49,23
3,B-C,72,55,48,23
4,B-E,105,70,70,23
4,B-E,105,70,70,0
4,B-E,105,70,70,0
4,B-E,105,70,70,0
4,B-E,105,70,70,0
4,B-E,105,70,70,0
4,B-E,105,70,69,0
4,B-E,105,70,68,0
4,B-E,105,70,69,0
4,B-E,105,70,70,0
4,B-E,105,70,65,0
4,B-E,105,70,68,0
4,B-E,105,70,69,0
4,B-E,105,70,69,0
4,B-E,105,70,70,0
4,B-E,105,70,68,0
4,B-E,105,70,67,1
4,B-E,105,70,69,1
4,B-E,105,70,69,1
4,B-E,105,70,70,1
4,B-E,105,70,70,1
4,B-E,105,70,70,1
4,B-E,105,70,70,1
4,B-E,105,70,70,1
4,B-E,105,70,69,1
4,B-E,105,70,69,1
4,B-E,105,70,68,1
4,B-E,105,70,65,1
4,B-E,105,70,67,1
4,B-E,105,70,69,1
4,B-E,105,70,69,1
4,B-E,105,70,69,2
4,B-E,105,70,68,2
4,B-E,105,70,69,2
4,B-E,105,70,67,2
4,B-E,105,70,70,2
4,B-E,105,70,68,2
4,B-E,105,70,70,2
4,B-E,105,70,70,2
4,B-E,105,70,70,2
4,B-E,105,70,70,2
4,B-E,105,70,70,2
4,B-E,105,70,69,2
4,B-E,105,70,68,2
4,B-E,105,70,68,2
4,B-E,105,70,67,2
4,B-E,105,70,70,3
4,B-E,105,70,70,3
4,B-E,105,70,70,3
4,B-E,105,70,70,3
4,B-E,105,70,69,3
4,B-E,105,70,68,3
4,B-E,105,70,68,3
4,B-E,105,70,65,3
4,B-E,105,70,67,3
4,B-E,105,70,69,3
4,B-E,105,70,68,3
4,B-E,105,70,69,3
4,B-E,105,70,69,3
4,B-E,105,70,67,3
4,B-E,105,70,60,3
4,B-E,105,70,66,4
4,B-E,105,70,69,4
4,B-E,105,70,68,4
4,B-E,105,70,67,4
4,B-E,105,70,69,4
4,B-E,105,70,70,4
4,B-E,105,70,70,4
4,B-E,105,70,69,4
4,B-E,105,70,69,4
4,B-E,105,70,67,4
4,B-E,105,70,69,4
4,B-E,105,70,69,4
4,B-E,105,70,67,4
4,B-E,105,70,70,4
4,B-E,105,70,70,4
4,B-E,105,70,70,5
4,B-E,105,70,68,5
4,B-E,105,70,69,5
4,B-E,105,70,67,5
4,B-E,105,70,69,5
4,B-E,105,70,67,5
4,B-E,105,70,65,5
4,B-E,105,70,68,5
4,B-E,105,70,64,5
4,B-E,105,70,64,5
4,B-E,105,70,66,5
4,B-E,105,70,63,5
4,B-E,105,70,65,5
4,B-E,105,70,64,5
4,B-E,105,70,66,5
4,B-E,105,70,66,6
4,B-E,105,70,65,6
4,B-E,105,70,65,6
4,B-E,105,70,64,6
4,B-E,105,70,62,6
4,B-E,105,70,63,6
4,B-E,105,70,64,6
4,B-E,105,70,65,6
4,B-E,105,70,65,6
4,B-E,105,70,69,6
4,B-E,105,70,68,6
4,B-E,105,70,65,6
4,B-E,105,70,64,6
4,B-E,105,70,62,6
4,B-E,105,70,63,6
4,B-E,105,70,63,7
4,B-E,105,70,65,7
4,B-E,105,70,59,7
4,B-E,105,70,58,7
4,B-E,105,70,57,7
4,B-E,105,70,56,7
4,B-E,105,70,59,7
4,B-E,105,70,59,7
4,B-E,105,70,58,7
4,B-E,105,70,64,7
4,B-E,105,70,62,7
4,B-E,105,70,61,7
4,B-E,105,70,63,7
4,B-E,105,70,64,7
4,B-E,105,70,59,7
4,B-E,105,70,58,8
4,B-E,105,70,59,8
4,B-E,105,70,65,8
4,B-E,105,70,62,8
4,B-E,105,70,63,8
4,B-E,105,70,64,8
4,B-E,105,70,59,8
4,B-E,105,70,58,8
4,B-E,105,70,59,8
4,B-E,105,70,59,8
4,B-E,105,70,56,8
4,B-E,105,70,59,8
4,B-E,105,70,58,8
4,B-E,105,70,56,8
4,B-E,105,70,62,8
4,B-E,105,70,60,9
4,B-E,105,70,63,9
4,B-E,105,70,59,9
4,B-E,105,70,59,9
4,B-E,105,70,58,9
4,B-E,105,70,56,9
4,B-E,105,70,54,9
4,B-E,105,70,57,9
4,B-E,105,70,53,9
4,B-E,105,70,52,9
4,B-E,105,70,59,9
4,B-E,105,70,59,9
4,B-E,105,70,58,9
4,B-E,105,70,58,9
4,B-E,105,70,57,9
4,B-E,105,70,59,10
4,B-E,105,70,56,10
4,B-E,105,70,55,10
4,B-E,105,70,55,10
4,B-E,105,70,60,10
4,B-E,105,70,62,10
4,B-E,105,70,63,10
4,B-E,105,70,61,10
4,B-E,105,70,61,10
4,B-E,105,70,61,10
4,B-E,105,70,59,10
4,B-E,105,70,59,10
4,B-E,105,70,59,10
4,B-E,105,70,58,10
4,B-E,105,70,58,10
4,B-E,105,70,58,11
4,B-E,105,70,57,11
4,B-E,105,70,59,11
4,B-E,105,70,56,11
4,B-E,105,70,54,11
4,B-E,105,70,51,11
4,B-E,105,70,53,11
4,B-E,105,70,56,11
4,B-E,105,70,56,11
4,B-E,105,70,59,11
4,B-E,105,70,56,11
4,B-E,105,70,59,11
4,B-E,105,70,58,11
4,B-E,105,70,59,11
4,B-E,105,70,56,11
4,B-E,105,70,57,12
4,B-E,105,70,54,12
4,B-E,105,70,59,12
4,B-E,105,70,58,12
4,B-E,105,70,59,12
4,B-E,105,70,56,12
4,B-E,105,70,56,12
4,B-E,105,70,59,12
4,B-E,105,70,60,12
4,B-E,105,70,60,12
4,B-E,105,70,60,12
4,B-E,105,70,53,12
4,B-E,105,70,62,12
4,B-E,105,70,60,12
4,B-E,105,70,61,12
4,B-E,105,70,63,13
4,B-E,105,70,63,13
4,B-E,105,70,63,13
4,B-E,105,70,53,13
4,B-E,105,70,59,13
4,B-E,105,70,58,13
4,B-E,105,70,59,13
4,B-E,105,70,56,13
4,B-E,105,70,59,13
4,B-E,105,70,59,13
4,B-E,105,70,59,13
4,B-E,105,70,58,13
4,B-E,105,70,59,13
4,B-E,105,70,57,13
4,B-E,105,70,59,13
4,B-E,105,70,56,14
4,B-E,105,70,56,14
4,B-E,105,70,59,14
4,B-E,105,70,53,14
4,B-E,105,70,59,14
4,B-E,105,70,56,14
4,B-E,105,70,56,14
4,B-E,105,70,54,14
4,B-E,105,70,59,14
4,B-E,105,70,58,14
4,B-E,105,70,59,14
4,B-E,105,70,59,14
4,B-E,105,70,60,14
4,B-E,105,70,61,14
4,B-E,105,70,61,14
4,B-E,105,70,61,15
4,B-E,105,70,62,15
4,B-E,105,70,63,15
4,B-E,105,70,63,15
4,B-E,105,70,62,15
4,B-E,105,70,56,15
4,B-E,105,70,59,15
4,B-E,105,70,59,15
4,B-E,105,70,58,15
4,B-E,105,70,59,15
4,B-E,105,70,57,15
4,B-E,105,70,54,15
4,B-E,105,70,56,15
4,B-E,105,70,51,15
4,B-E,105,70,52,15
4,B-E,105,70,56,16
4,B-E,105,70,55,16
4,B-E,105,70,54,16
4,B-E,105,70,51,16
4,B-E,105,70,52,16
4,B-E,105,70,53,16
4,B-E,105,70,53,16
4,B-E,105,70,55,16
4,B-E,105,70,56,16
4,B-E,105,70,54,16
4,B-E,105,70,54,16
4,B-E,105,70,54,16
4,B-E,105,70,56,16
4,B-E,105,70,53,16
4,B-E,105,70,52,16
4,B-E,105,70,51,17
4,B-E,105,70,49,17
4,B-E,105,70,48,17
4,B-E,105,70,54,17
4,B-E,105,70,52,17
4,B-E,105,70,53,17
4,B-E,105,70,54,17
4,B-E,105,70,54,17
4,B-E,105,70,49,17
4,B-E,105,70,49,17
4,B-E,105,70,48,17
4,B-E,105,70,45,17
4,B-E,105,70,51,17
4,B-E,105,70,52,17
4,B-E,105,70,44,17
4,B-E,105,70,46,18
4,B-E,105,70,51,18
4,B-E,105,70,43,18
4,B-E,105,70,46,18
4,B-E,105,70,49,18
4,B-E,105,70,54,18
4,B-E,105,70,51,18
4,B-E,105,70,52,18
4,B-E,105,70,53,18
4,B-E,105,70,52,18
4,B-E,105,70,51,18
4,B-E,105,70,51,18
4,B-E,105,70,51,18
4,B-E,105,70,51,18
4,B-E,105,70,53,18
4,B-E,105,70,52,19
4,B-E,105,70,53,19
4,B-E,105,70,53,19
4,B-E,105,70,53,19
4,B-E,105,70,56,19
4,B-E,105,70,54,19
4,B-E,105,70,51,19
4,B-E,105,70,49,19
4,B-E,105,70,49,19
4,B-E,105,70,48,19
4,B-E,105,70,46,19
4,B-E,105,70,51,19
4,B-E,105,70,50,19
4,B-E,105,70,50,19
4,B-E,105,70,54,19
4,B-E,105,70,55,20
4,B-E,105,70,56,20
4,B-E,105,70,54,20
4,B-E,105,70,50,20
4,B-E,105,70,55,20
4,B-E,105,70,53,20
4,B-E,105,70,54,20
4,B-E,105,70,56,20
4,B-E,105,70,59,20
4,B-E,105,70,58,20
4,B-E,105,70,60,20
4,B-E,105,70,61,20
4,B-E,105,70,62,20
4,B-E,105,70,61,20
4,B-E,105,70,62,20
4,B-E,105,70,62,21
4,B-E,105,70,62,21
4,B-E,105,70,61,21
4,B-E,105,70,63,21
4,B-E,105,70,63,21
4,B-E,105,70,62,21
4,B-E,105,70,61,21
4,B-E,105,70,59,21
4,B-E,105,70,59,21
4,B-E,105,70,58,21
4,B-E,105,70,59,21
4,B-E,105,70,57,21
4,B-E,105,70,59,21
4,B-E,105,70,56,21
4,B-E,105,70,62,21
4,B-E,105,70,61,22
4,B-E,105,70,63,22
4,B-E,105,70,63,22
4,B-E,105,70,64,22
4,B-E,105,70,54,22
4,B-E,105,70,52,22
4,B-E,105,70,62,22
4,B-E,105,70,63,22
4,B-E,105,70,63,22
4,B-E,105,70,62,22
4,B-E,105,70,66,22
4,B-E,105,70,65,22
4,B-E,105,70,64,22
4,B-E,105,70,63,22
4,B-E,105,70,67,22
4,B-E,105,70,68,23
4,B-E,105,70,68,23
4,B-E,105,70,69,23
4,B-E,105,70,70,23
4,B-E,105,70,70,23
4,B-E,105,70,70,23
4,B-E,105,70,65,23
4,B-E,105,70,64,23
4,B-E,105,70,64,23
4,B-E,105,70,63,23
4,B-E,105,70,68,23
4,B-E,105,70,69,23
4,B-E,105,70,69,23
4,B-E,105,70,69,23
4,B-E,105,70,68,23
5,C-E,41,40,40,0
5,C-E,41,40,40,0
5,C-E,41,40,40,0
5,C-E,41,40,40,0
5,C-E,41,40,40,0
5,C-E,41,40,40,0
5,C-E,41,40,40,0
5,C-E,41,40,39,0
5,C-E,41,40,39,0
5,C-E,41,40,38,0
5,C-E,41,40,36,0
5,C-E,41,40,39,0
5,C-E,41,40,38,0
5,C-E,41,40,40,0
5,C-E,41,40,40,0
5,C-E,41,40,40,1
5,C-E,41,40,40,1
5,C-E,41,40,40,1
5,C-E,41,40,40,1
5,C-E,41,40,39,1
5,C-E,41,40,36,1
5,C-E,41,40,38,1
5,C-E,41,40,37,1
5,C-E,41,40,40,1
5,C-E,41,40,40,1
5,C-E,41,40,40,1
5,C-E,41,40,39,1
5,C-E,41,40,36,1
5,C-E,41,40,35,1
5,C-E,41,40,38,1
5,C-E,41,40,40,2
5,C-E,41,40,40,2
5,C-E,41,40,40,2
5,C-E,41,40,39,2
5,C-E,41,40,38,2
5,C-E,41,40,39,2
5,C-E,41,40,40,2
5,C-E,41,40,40,2
5,C-E,41,40,40,2
5,C-E,41,40,40,2
5,C-E,41,40,40,2
5,C-E,41,40,40,2
5,C-E,41,40,37,2
5,C-E,41,40,36,2
5,C-E,41,40,38,2
5,C-E,41,40,39,3
5,C-E,41,40,39,3
5,C-E,41,40,39,3
5,C-E,41,40,39,3
5,C-E,41,40,40,3
5,C-E,41,40,40,3
5,C-E,41,40,40,3
5,C-E,41,40,39,3
5,C-E,41,40,39,3
5,C-E,41,40,36,3
5,C-E,41,40,38,3
5,C-E,41,40,38,3
5,C-E,41,40,38,3
5,C-E,41,40,39,3
5,C-E,41,40,40,3
5,C-E,41,40,40,4
5,C-E,41,40,40,4
5,C-E,41,40,39,4
5,C-E,41,40,39,4
5,C-E,41,40,39,4
5,C-E,41,40,38,4
5,C-E,41,40,38,4
5,C-E,41,40,36,4
5,C-E,41,40,35,4
5,C-E,41,40,37,4
5,C-E,41,40,37,4
5,C-E,41,40,40,4
5,C-E,41,40,40,4
5,C-E,41,40,40,4
5,C-E,41,40,40,4
5,C-E,41,40,40,5
5,C-E,41,40,39,5
5,C-E,41,40,39,5
5,C-E,41,40,38,5
5,C-E,41,40,36,5
5,C-E,41,40,35,5
5,C-E,41,40,40,5
5,C-E,41,40,40,5
5,C-E,41,40,35,5
5,C-E,41,40,38,5
5,C-E,41,40,39,5
5,C-E,41,40,40,5
5,C-E,41,40,40,5
5,C-E,41,40,40,5
5,C-E,41,40,39,5
5,C-E,41,40,39,6
5,C-E,41,40,40,6
5,C-E,41,40,35,6
5,C-E,41,40,36,6
5,C-E,41,40,36,6
5,C-E,41,40,37,6
5,C-E,41,40,35,6
5,C-E,41,40,34,6
5,C-E,41,40,36,6
5,C-E,41,40,35,6
5,C-E,41,40,39,6
5,C-E,41,40,36,6
5,C-E,41,40,34,6
5,C-E,41,40,35,6
5,C-E,41,40,36,6
5,C-E,41,40,35,7
5,C-E,41,40,32,7
5,C-E,41,40,31,7
5,C-E,41,40,32,7
5,C-E,41,40,36,7
5,C-E,41,40,34,7
5,C-E,41,40,32,7
5,C-E,41,40,32,7
5,C-E,41,40,30,7
5,C-E,41,40,29,7
5,C-E,41,40,29,7
5,C-E,41,40,28,7
5,C-E,41,40,26,7
5,C-E,41,40,25,7
5,C-E,41,40,24,7
5,C-E,41,40,26,8
5,C-E,41,40,28,8
5,C-E,41,40,29,8
5,C-E,41,40,26,8
5,C-E,41,40,27,8
5,C-E,41,40,27,8
5,C-E,41,40,27,8
5,C-E,41,40,28,8
5,C-E,41,40,29,8
5,C-E,41,40,26,8
5,C-E,41,40,34,8
5,C-E,41,40,31,8
5,C-E,41,40,30,8
5,C-E,41,40,29,8
5,C-E,41,40,23,8
5,C-E,41,40,24,9
5,C-E,41,40,26,9
5,C-E,41,40,28,9
5,C-E,41,40,29,9
5,C-E,41,40,30,9
5,C-E,41,40,31,9
5,C-E,41,40,31,9
5,C-E,41,40,30,9
5,C-E,41,40,33,9
5,C-E,41,40,32,9
5,C-E,41,40,31,9
5,C-E,41,40,30,9
5,C-E,41,40,29,9
5,C-E,41,40,25,9
5,C-E,41,40,26,9
5,C-E,41,40,24,10
5,C-E,41,40,26,10
5,C-E,41,40,29,10
5,C-E,41,40,28,10
5,C-E,41,40,29,10
5,C-E,41,40,31,10
5,C-E,41,40,32,10
5,C-E,41,40,31,10
5,C-E,41,40,30,10
5,C-E,41,40,30,10
5,C-E,41,40,31,10
5,C-E,41,40,32,10
5,C-E,41,40,31,10
5,C-E,41,40,31,10
5,C-E,41,40,30,10
5,C-E,41,40,29,11
5,C-E,41,40,31,11
5,C-E,41,40,32,11
5,C-E,41,40,29,11
5,C-E,41,40,26,11
5,C-E,41,40,25,11
5,C-E,41,40,23,11
5,C-E,41,40,31,11
5,C-E,41,40,30,11
5,C-E,41,40,33,11
5,C-E,41,40,29,11
5,C-E,41,40,26,11
5,C-E,41,40,28,11
5,C-E,41,40,31,11
5,C-E,41,40,30,11
5,C-E,41,40,33,12
5,C-E,41,40,32,12
5,C-E,41,40,31,12
5,C-E,41,40,33,12
5,C-E,41,40,30,12
5,C-E,41,40,29,12
5,C-E,41,40,29,12
5,C-E,41,40,31,12
5,C-E,41,40,32,12
5,C-E,41,40,34,12
5,C-E,41,40,35,12
5,C-E,41,40,31,12
5,C-E,41,40,30,12
5,C-E,41,40,33,12
5,C-E,41,40,33,12
5,C-E,41,40,32,13
5,C-E,41,40,31,13
5,C-E,41,40,29,13
5,C-E,41,40,26,13
5,C-E,41,40,28,13
5,C-E,41,40,29,13
5,C-E,41,40,31,13
5,C-E,41,40,32,13
5,C-E,41,40,26,13
5,C-E,41,40,27,13
5,C-E,41,40,28,13
5,C-E,41,40,27,13
5,C-E,41,40,29,13
5,C-E,41,40,29,13
5,C-E,41,40,31,13
5,C-E,41,40,32,14
5,C-E,41,40,31,14
5,C-E,41,40,30,14
5,C-E,41,40,29,14
5,C-E,41,40,26,14
5,C-E,41,40,31,14
5,C-E,41,40,33,14
5,C-E,41,40,35,14
5,C-E,41,40,31,14
5,C-E,41,40,29,14
5,C-E,41,40,23,14
5,C-E,41,40,27,14
5,C-E,41,40,28,14
5,C-E,41,40,29,14
5,C-E,41,40,31,14
5,C-E,41,40,32,15
5,C-E,41,40,34,15
5,C-E,41,40,31,15
5,C-E,41,40,32,15
5,C-E,41,40,31,15
5,C-E,41,40,30,15
5,C-E,41,40,29,15
5,C-E,41,40,26,15
5,C-E,41,40,31,15
5,C-E,41,40,34,15
5,C-E,41,40,32,15
5,C-E,41,40,36,15
5,C-E,41,40,31,15
5,C-E,41,40,32,15
5,C-E,41,40,34,15
5,C-E,41,40,31,16
5,C-E,41,40,32,16
5,C-E,41,40,35,16
5,C-E,41,40,26,16
5,C-E,41,40,25,16
5,C-E,41,40,24,16
5,C-E,41,40,22,16
5,C-E,41,40,23,16
5,C-E,41,40,24,16
5,C-E,41,40,21,16
5,C-E,41,40,26,16
5,C-E,41,40,29,16
5,C-E,41,40,24,16
5,C-E,41,40,19,16
5,C-E,41,40,16,16
5,C-E,41,40,28,17
5,C-E,41,40,23,17
5,C-E,41,40,24,17
5,C-E,41,40,25,17
5,C-E,41,40,22,17
5,C-E,41,40,21,17
5,C-E,41,40,20,17
5,C-E,41,40,23,17
5,C-E,41,40,26,17
5,C-E,41,40,25,17
5,C-E,41,40,24,17
5,C-E,41,40,21,17
5,C-E,41,40,21,17
5,C-E,41,40,27,17
5,C-E,41,40,20,17
5,C-E,41,40,21,18
5,C-E,41,40,23,18
5,C-E,41,40,31,18
5,C-E,41,40,26,18
5,C-E,41,40,25,18
5,C-E,41,40,28,18
5,C-E,41,40,29,18
5,C-E,41,40,27,18
5,C-E,41,40,23,18
5,C-E,41,40,26,18
5,C-E,41,40,25,18
5,C-E,41,40,29,18
5,C-E,41,40,32,18
5,C-E,41,40,31,18
5,C-E,41,40,31,18
5,C-E,41,40,32,19
5,C-E,41,40,30,19
5,C-E,41,40,29,19
5,C-E,41,40,28,19
5,C-E,41,40,29,19
5,C-E,41,40,32,19
5,C-E,41,40,31,19
5,C-E,41,40,30,19
5,C-E,41,40,31,19
5,C-E,41,40,33,19
5,C-E,41,40,32,19
5,C-E,41,40,31,19
5,C-E,41,40,30,19
5,C-E,41,40,32,19
5,C-E,41,40,29,19
5,C-E,41,40,28,20
5,C-E,41,40,26,20
5,C-E,41,40,29,20
5,C-E,41,40,37,20
5,C-E,41,40,32,20
5,C-E,41,40,34,20
5,C-E,41,40,31,20
5,C-E,41,40,30,20
5,C-E,41,40,33,20
5,C-E,41,40,35,20
5,C-E,41,40,34,20
5,C-E,41,40,32,20
5,C-E,41,40,31,20
5,C-E,41,40,33,20
5,C-E,41,40,36,20
5,C-E,41,40,35,21
5,C-E,41,40,32,21
5,C-E,41,40,31,21
5,C-E,41,40,30,21
5,C-E,41,40,33,21
5,C-E,41,40,32,21
5,C-E,41,40,33,21
5,C-E,41,40,34,21
5,C-E,41,40,35,21
5,C-E,41,40,34,21
5,C-E,41,40,32,21
5,C-E,41,40,40,21
5,C-E,41,40,40,21
5,C-E,41,40,39,21
5,C-E,41,40,35,21
5,C-E,41,40,36,22
5,C-E,41,40,34,22
5,C-E,41,40,32,22
5,C-E,41,40,32,22
5,C-E,41,40,34,22
5,C-E,41,40,35,22
5,C-E,41,40,36,22
5,C-E,41,40,38,22
5,C-E,41,40,37,22
5,C-E,41,40,34,22
5,C-E,41,40,32,22
5,C-E,41,40,36,22
5,C-E,41,40,35,22
5,C-E,41,40,39,22
5,C-E,41,40,36,22
5,C-E,41,40,40,23
5,C-E,41,40,40,23
5,C-E,41,40,39,23
5,C-E,41,40,36,23
5,C-E,41,40,40,23
5,C-E,41,40,40,23
5,C-E,41,40,40,23
5,C-E,41,40,40,23
5,C-E,41,40,40,23
5,C-E,41,40,35,23
5,C-E,41,40,39,23
5,C-E,41,40,36,23
5,C-E,41,40,38,23
5,C-E,41,40,37,23
5,C-E,41,40,40,23
6,D-E,85,65,65,0
6,D-E,85,65,65,0
6,D-E,85,65,65,0
6,D-E,85,65,65,0
6,D-E,85,65,65,0
6,D-E,85,65,64,0
6,D-E,85,65,63,0
6,D-E,85,65,64,0
6,D-E,85,65,65,0
6,D-E,85,65,64,0
6,D-E,85,65,63,0
6,D-E,85,65,65,0
6,D-E,85,65,65,0
6,D-E,85,65,65,0
6,D-E,85,65,64,0
6,D-E,85,65,65,1
6,D-E,85,65,63,1
6,D-E,85,65,64,1
6,D-E,85,65,63,1
6,D-E,85,65,64,1
6,D-E,85,65,65,1
6,D-E,85,65,64,1
6,D-E,85,65,63,1
6,D-E,85,65,65,1
6,D-E,85,65,62,1
6,D-E,85,65,61,1
6,D-E,85,65,62,1
6,D-E,85,65,63,1
6,D-E,85,65,64,1
6,D-E,85,65,65,1
6,D-E,85,65,65,2
6,D-E,85,65,65,2
6,D-E,85,65,64,2
6,D-E,85,65,65,2
6,D-E,85,65,64,2
6,D-E,85,65,63,2
6,D-E,85,65,64,2
6,D-E,85,65,63,2
6,D-E,85,65,62,2
6,D-E,85,65,63,2
6,D-E,85,65,64,2
6,D-E,85,65,65,2
6,D-E,85,65,64,2
6,D-E,85,65,63,2
6,D-E,85,65,65,2
6,D-E,85,65,65,3
6,D-E,85,65,65,3
6,D-E,85,65,65,3
6,D-E,85,65,63,3
6,D-E,85,65,64,3
6,D-E,85,65,65,3
6,D-E,85,65,62,3
6,D-E,85,65,64,3
6,D-E,85,65,62,3
6,D-E,85,65,63,3
6,D-E,85,65,64,3
6,D-E,85,65,63,3
6,D-E,85,65,65,3
6,D-E,85,65,64,3
6,D-E,85,65,65,3
6,D-E,85,65,64,4
6,D-E,85,65,63,4
6,D-E,85,65,63,4
6,D-E,85,65,62,4
6,D-E,85,65,63,4
6,D-E,85,65,64,4
6,D-E,85,65,65,4
6,D-E,85,65,64,4
6,D-E,85,65,63,4
6,D-E,85,65,63,4
6,D-E,85,65,62,4
6,D-E,85,65,61,4
6,D-E,85,65,63,4
6,D-E,85,65,63,4
6,D-E,85,65,64,4
6,D-E,85,65,65,5
6,D-E,85,65,64,5
6,D-E,85,65,62,5
6,D-E,85,65,61,5
6,D-E,85,65,60,5
6,D-E,85,65,62,5
6,D-E,85,65,63,5
6,D-E,85,65,61,5
6,D-E,85,65,62,5
6,D-E,85,65,64,5
6,D-E,85,65,63,5
6,D-E,85,65,60,5
6,D-E,85,65,59,5
6,D-E,85,65,58,5
6,D-E,85,65,59,5
6,D-E,85,65,57,6
6,D-E,85,65,59,6
6,D-E,85,65,58,6
6,D-E,85,65,56,6
6,D-E,85,65,59,6
6,D-E,85,65,55,6
6,D-E,85,65,56,6
6,D-E,85,65,57,6
6,D-E,85,65,54,6
6,D-E,85,65,51,6
6,D-E,85,65,53,6
6,D-E,85,65,56,6
6,D-E,85,65,59,6
6,D-E,85,65,58,6
6,D-E,85,65,56,6
6,D-E,85,65,59,7
6,D-E,85,65,56,7
6,D-E,85,65,56,7
6,D-E,85,65,53,7
6,D-E,85,65,50,7
6,D-E,85,65,52,7
6,D-E,85,65,51,7
6,D-E,85,65,50,7
6,D-E,85,65,52,7
6,D-E,85,65,53,7
6,D-E,85,65,54,7
6,D-E,85,65,59,7
6,D-E,85,65,49,7
6,D-E,85,65,46,7
6,D-E,85,65,49,7
6,D-E,85,65,48,8
6,D-E,85,65,46,8
6,D-E,85,65,45,8
6,D-E,85,65,51,8
6,D-E,85,65,52,8
6,D-E,85,65,50,8
6,D-E,85,65,53,8
6,D-E,85,65,51,8
6,D-E,85,65,50,8
6,D-E,85,65,51,8
6,D-E,85,65,52,8
6,D-E,85,65,53,8
6,D-E,85,65,53,8
6,D-E,85,65,56,8
6,D-E,85,65,54,8
6,D-E,85,65,51,9
6,D-E,85,65,50,9
6,D-E,85,65,49,9
6,D-E,85,65,48,9
6,D-E,85,65,49,9
6,D-E,85,65,48,9
6,D-E,85,65,53,9
6,D-E,85,65,51,9
6,D-E,85,65,50,9
6,D-E,85,65,52,9
6,D-E,85,65,51,9
6,D-E,85,65,50,9
6,D-E,85,65,52,9
6,D-E,85,65,53,9
6,D-E,85,65,51,9
6,D-E,85,65,49,10
6,D-E,85,65,48,10
6,D-E,85,65,49,10
6,D-E,85,65,46,10
6,D-E,85,65,49,10
6,D-E,85,65,47,10
6,D-E,85,65,46,10
6,D-E,85,65,49,10
6,D-E,85,65,50,10
6,D-E,85,65,51,10
6,D-E,85,65,52,10
6,D-E,85,65,51,10
6,D-E,85,65,51,10
6,D-E,85,65,51,10
6,D-E,85,65,52,10
6,D-E,85,65,53,11
6,D-E,85,65,56,11
6,D-E,85,65,54,11
6,D-E,85,65,51,11
6,D-E,85,65,52,11
6,D-E,85,65,53,11
6,D-E,85,65,54,11
6,D-E,85,65,56,11
6,D-E,85,65,59,11
6,D-E,85,65,58,11
6,D-E,85,65,59,11
6,D-E,85,65,56,11
6,D-E,85,65,51,11
6,D-E,85,65,50,11
6,D-E,85,65,54,11
6,D-E,85,65,54,12
6,D-E,85,65,49,12
6,D-E,85,65,48,12
6,D-E,85,65,46,12
6,D-E,85,65,49,12
6,D-E,85,65,51,12
6,D-E,85,65,52,12
6,D-E,85,65,53,12
6,D-E,85,65,56,12
6,D-E,85,65,54,12
6,D-E,85,65,51,12
6,D-E,85,65,52,12
6,D-E,85,65,53,12
6,D-E,85,65,53,12
6,D-E,85,65,52,12
6,D-E,85,65,51,13
6,D-E,85,65,56,13
6,D-E,85,65,54,13
6,D-E,85,65,56,13
6,D-E,85,65,54,13
6,D-E,85,65,51,13
6,D-E,85,65,52,13
6,D-E,85,65,53,13
6,D-E,85,65,56,13
6,D-E,85,65,59,13
6,D-E,85,65,58,13
6,D-E,85,65,56,13
6,D-E,85,65,54,13
6,D-E,85,65,51,13
6,D-E,85,65,52,13
6,D-E,85,65,54,14
6,D-E,85,65,56,14
6,D-E,85,65,53,14
6,D-E,85,65,51,14
6,D-E,85,65,53,14
6,D-E,85,65,54,14
6,D-E,85,65,51,14
6,D-E,85,65,50,14
6,D-E,85,65,53,14
6,D-E,85,65,59,14
6,D-E,85,65,54,14
6,D-E,85,65,56,14
6,D-E,85,65,51,14
6,D-E,85,65,50,14
6,D-E,85,65,53,14
6,D-E,85,65,51,15
6,D-E,85,65,51,15
6,D-E,85,65,56,15
6,D-E,85,65,57,15
6,D-E,85,65,56,15
6,D-E,85,65,54,15
6,D-E,85,65,53,15
6,D-E,85,65,51,15
6,D-E,85,65,52,15
6,D-E,85,65,56,15
6,D-E,85,65,57,15
6,D-E,85,65,56,15
6,D-E,85,65,54,15
6,D-E,85,65,51,15
6,D-E,85,65,53,15
6,D-E,85,65,49,16
6,D-E,85,65,48,16
6,D-E,85,65,46,16
6,D-E,85,65,48,16
6,D-E,85,65,45,16
6,D-E,85,65,49,16
6,D-E,85,65,46,16
6,D-E,85,65,45,16
6,D-E,85,65,47,16
6,D-E,85,65,45,16
6,D-E,85,65,49,16
6,D-E,85,65,43,16
6,D-E,85,65,46,16
6,D-E,85,65,45,16
6,D-E,85,65,49,16
6,D-E,85,65,48,17
6,D-E,85,65,46,17
6,D-E,85,65,45,17
6,D-E,85,65,42,17
6,D-E,85,65,43,17
6,D-E,85,65,46,17
6,D-E,85,65,48,17
6,D-E,85,65,49,17
6,D-E,85,65,46,17
6,D-E,85,65,45,17
6,D-E,85,65,47,17
6,D-E,85,65,46,17
6,D-E,85,65,51,17
6,D-E,85,65,52,17
6,D-E,85,65,51,17
6,D-E,85,65,50,18
6,D-E,85,65,53,18
6,D-E,85,65,51,18
6,D-E,85,65,50,18
6,D-E,85,65,51,18
6,D-E,85,65,52,18
6,D-E,85,65,53,18
6,D-E,85,65,53,18
6,D-E,85,65,51,18
6,D-E,85,65,54,18
6,D-E,85,65,56,18
6,D-E,85,65,52,18
6,D-E,85,65,53,18
6,D-E,85,65,54,18
6,D-E,85,65,56,18
6,D-E,85,65,59,19
6,D-E,85,65,61,19
6,D-E,85,65,60,19
6,D-E,85,65,59,19
6,D-E,85,65,58,19
6,D-E,85,65,53,19
6,D-E,85,65,54,19
6,D-E,85,65,53,19
6,D-E,85,65,57,19
6,D-E,85,65,54,19
6,D-E,85,65,51,19
6,D-E,85,65,53,19
6,D-E,85,65,56,19
6,D-E,85,65,55,19
6,D-E,85,65,53,19
6,D-E,85,65,52,20
6,D-E,85,65,59,20
6,D-E,85,65,57,20
6,D-E,85,65,59,20
6,D-E,85,65,58,20
6,D-E,85,65,59,20
6,D-E,85,65,57,20
6,D-E,85,65,59,20
6,D-E,85,65,59,20
6,D-E,85,65,58,20
6,D-E,85,65,59,20
6,D-E,85,65,61,20
6,D-E,85,65,60,20
6,D-E,85,65,59,20
6,D-E,85,65,58,20
6,D-E,85,65,59,21
6,D-E,85,65,57,21
6,D-E,85,65,53,21
6,D-E,85,65,56,21
6,D-E,85,65,61,21
6,D-E,85,65,62,21
6,D-E,85,65,64,21
6,D-E,85,65,63,21
6,D-E,85,65,60,21
6,D-E,85,65,61,21
6,D-E,85,65,61,21
6,D-E,85,65,62,21
6,D-E,85,65,60,21
6,D-E,85,65,61,21
6,D-E,85,65,63,21
6,D-E,85,65,62,22
6,D-E,85,65,61,22
6,D-E,85,65,59,22
6,D-E,85,65,58,22
6,D-E,85,65,59,22
6,D-E,85,65,56,22
6,D-E,85,65,59,22
6,D-E,85,65,61,22
6,D-E,85,65,60,22
6,D-E,85,65,62,22
6,D-E,85,65,61,22
6,D-E,85,65,64,22
6,D-E,85,65,60,22
6,D-E,85,65,62,22
6,D-E,85,65,63,22
6,D-E,85,65,61,23
6,D-E,85,65,62,23
6,D-E,85,65,59,23
6,D-E,85,65,59,23
6,D-E,85,65,58,23
6,D-E,85,65,59,23
6,D-E,85,65,61,23
6,D-E,85,65,62,23
6,D-E,85,65,65,23
6,D-E,85,65,64,23
6,D-E,85,65,62,23
6,D-E,85,65,65,23
6,D-E,85,65,65,23
6,D-E,85,65,65,23
6,D-E,85,65,64,23
7,C-F,72,50,50,0
7,C-F,72,50,50,0
7,C-F,72,50,50,0
7,C-F,72,50,50,0
7,C-F,72,50,50,0
7,C-F,72,50,50,0
7,C-F,72,50,50,0
7,C-F,72,50,49,0
7,C-F,72,50,48,0
7,C-F,72,50,49,0
7,C-F,72,50,46,0
7,C-F,72,50,47,0
7,C-F,72,50,49,0
7,C-F,72,50,48,0
7,C-F,72,50,46,0
7,C-F,72,50,50,1
7,C-F,72,50,50,1
7,C-F,72,50,50,1
7,C-F,72,50,50,1
7,C-F,72,50,49,1
7,C-F,72,50,43,1
7,C-F,72,50,47,1
7,C-F,72,50,46,1
7,C-F,72,50,48,1
7,C-F,72,50,49,1
7,C-F,72,50,46,1
7,C-F,72,50,49,1
7,C-F,72,50,49,1
7,C-F,72,50,48,1
7,C-F,72,50,45,1
7,C-F,72,50,49,2
7,C-F,72,50,47,2
7,C-F,72,50,50,2
7,C-F,72,50,50,2
7,C-F,72,50,50,2
7,C-F,72,50,50,2
7,C-F,72,50,50,2
7,C-F,72,50,49,2
7,C-F,72,50,48,2
7,C-F,72,50,49,2
7,C-F,72,50,46,2
7,C-F,72,50,47,2
7,C-F,72,50,50,2
7,C-F,72,50,50,2
7,C-F,72,50,50,2
7,C-F,72,50,49,3
7,C-F,72,50,48,3
7,C-F,72,50,49,3
7,C-F,72,50,50,3
7,C-F,72,50,49,3
7,C-F,72,50,47,3
7,C-F,72,50,46,3
7,C-F,72,50,49,3
7,C-F,72,50,48,3
7,C-F,72,50,50,3
7,C-F,72,50,50,3
7,C-F,72,50,50,3
7,C-F,72,50,49,3
7,C-F,72,50,48,3
7,C-F,72,50,49,3
7,C-F,72,50,48,4
7,C-F,72,50,49,4
7,C-F,72,50,50,4
7,C-F,72,50,50,4
7,C-F,72,50,49,4
7,C-F,72,50,48,4
7,C-F,72,50,49,4
7,C-F,72,50,47,4
7,C-F,72,50,49,4
7,C-F,72,50,46,4
7,C-F,72,50,48,4
7,C-F,72,50,49,4
7,C-F,72,50,50,4
7,C-F,72,50,49,4
7,C-F,72,50,46,4
7,C-F,72,50,50,5
7,C-F,72,50,50,5
7,C-F,72,50,49,5
7,C-F,72,50,48,5
7,C-F,72,50,49,5
7,C-F,72,50,46,5
7,C-F,72,50,45,5
7,C-F,72,50,50,5
7,C-F,72,50,47,5
7,C-F,72,50,48,5
7,C-F,72,50,49,5
7,C-F,72,50,47,5
7,C-F,72,50,46,5
7,C-F,72,50,45,5
7,C-F,72,50,49,5
7,C-F,72,50,48,6
7,C-F,72,50,50,6
7,C-F,72,50,44,6
7,C-F,72,50,46,6
7,C-F,72,50,42,6
7,C-F,72,50,43,6
7,C-F,72,50,41,6
7,C-F,72,50,46,6
7,C-F,72,50,45,6
7,C-F,72,50,49,6
7,C-F,72,50,44,6
7,C-F,72,50,47,6
7,C-F,72,50,48,6
7,C-F,72,50,43,6
7,C-F,72,50,45,6
7,C-F,72,50,46,7
7,C-F,72,50,42,7
7,C-F,72,50,43,7
7,C-F,72,50,42,7
7,C-F,72,50,41,7
7,C-F,72,50,41,7
7,C-F,72,50,42,7
7,C-F,72,50,39,7
7,C-F,72,50,38,7
7,C-F,72,50,39,7
7,C-F,72,50,37,7
7,C-F,72,50,39,7
7,C-F,72,50,44,7
7,C-F,72,50,42,7
7,C-F,72,50,41,7
7,C-F,72,50,40,8
7,C-F,72,50,43,8
7,C-F,72,50,39,8
7,C-F,72,50,39,8
7,C-F,72,50,38,8
7,C-F,72,50,34,8
7,C-F,72,50,35,8
7,C-F,72,50,36,8
7,C-F,72,50,34,8
7,C-F,72,50,32,8
7,C-F,72,50,31,8
7,C-F,72,50,30,8
7,C-F,72,50,33,8
7,C-F,72,50,36,8
7,C-F,72,50,35,8
7,C-F,72,50,32,9
7,C-F,72,50,33,9
7,C-F,72,50,34,9
7,C-F,72,50,32,9
7,C-F,72,50,36,9
7,C-F,72,50,35,9
7,C-F,72,50,31,9
7,C-F,72,50,30,9
7,C-F,72,50,33,9
7,C-F,72,50,36,9
7,C-F,72,50,35,9
7,C-F,72,50,32,9
7,C-F,72,50,34,9
7,C-F,72,50,31,9
7,C-F,72,50,33,9
7,C-F,72,50,35,10
7,C-F,72,50,36,10
7,C-F,72,50,34,10
7,C-F,72,50,32,10
7,C-F,72,50,30,10
7,C-F,72,50,31,10
7,C-F,72,50,32,10
7,C-F,72,50,31,10
7,C-F,72,50,35,10
7,C-F,72,50,36,10
7,C-F,72,50,35,10
7,C-F,72,50,35,10
7,C-F,72,50,31,10
7,C-F,72,50,32,10
7,C-F,72,50,35,10
7,C-F,72,50,38,11
7,C-F,72,50,36,11
7,C-F,72,50,35,11
7,C-F,72,50,34,11
7,C-F,72,50,37,11
7,C-F,72,50,33,11
7,C-F,72,50,36,11
7,C-F,72,50,35,11
7,C-F,72,50,39,11
7,C-F,72,50,35,11
7,C-F,72,50,34,11
7,C-F,72,50,36,11
7,C-F,72,50,37,11
7,C-F,72,50,38,11
7,C-F,72,50,38,11
7,C-F,72,50,39,12
7,C-F,72,50,38,12
7,C-F,72,50,40,12
7,C-F,72,50,40,12
7,C-F,72,50,41,12
7,C-F,72,50,42,12
7,C-F,72,50,41,12
7,C-F,72,50,41,12
7,C-F,72,50,40,12
7,C-F,72,50,34,12
7,C-F,72,50,35,12
7,C-F,72,50,38,12
7,C-F,72,50,39,12
7,C-F,72,50,35,12
7,C-F,72,50,37,12
7,C-F,72,50,35,13
7,C-F,72,50,38,13
7,C-F,72,50,40,13
7,C-F,72,50,41,13
7,C-F,72,50,42,13
7,C-F,72,50,41,13
7,C-F,72,50,43,13
7,C-F,72,50,43,13
7,C-F,72,50,41,13
7,C-F,72,50,40,13
7,C-F,72,50,42,13
7,C-F,72,50,41,13
7,C-F,72,50,42,13
7,C-F,72,50,39,13
7,C-F,72,50,39,13
7,C-F,72,50,38,14
7,C-F,72,50,39,14
7,C-F,72,50,37,14
7,C-F,72,50,39,14
7,C-F,72,50,40,14
7,C-F,72,50,41,14
7,C-F,72,50,42,14
7,C-F,72,50,41,14
7,C-F,72,50,43,14
7,C-F,72,50,40,14
7,C-F,72,50,41,14
7,C-F,72,50,41,14
7,C-F,72,50,42,14
7,C-F,72,50,41,14
7,C-F,72,50,40,14
7,C-F,72,50,43,15
7,C-F,72,50,46,15
7,C-F,72,50,41,15
7,C-F,72,50,40,15
7,C-F,72,50,42,15
7,C-F,72,50,43,15
7,C-F,72,50,41,15
7,C-F,72,50,40,15
7,C-F,72,50,39,15
7,C-F,72,50,45,15
7,C-F,72,50,46,15
7,C-F,72,50,41,15
7,C-F,72,50,42,15
7,C-F,72,50,43,15
7,C-F,72,50,41,15
7,C-F,72,50,44,16
7,C-F,72,50,39,16
7,C-F,72,50,36,16
7,C-F,72,50,38,16
7,C-F,72,50,39,16
7,C-F,72,50,39,16
7,C-F,72,50,37,16
7,C-F,72,50,39,16
7,C-F,72,50,36,16
7,C-F,72,50,39,16
7,C-F,72,50,38,16
7,C-F,72,50,36,16
7,C-F,72,50,35,16
7,C-F,72,50,33,16
7,C-F,72,50,31,16
7,C-F,72,50,32,17
7,C-F,72,50,35,17
7,C-F,72,50,34,17
7,C-F,72,50,36,17
7,C-F,72,50,38,17
7,C-F,72,50,39,17
7,C-F,72,50,34,17
7,C-F,72,50,36,17
7,C-F,72,50,35,17
7,C-F,72,50,31,17
7,C-F,72,50,32,17
7,C-F,72,50,35,17
7,C-F,72,50,36,17
7,C-F,72,50,34,17
7,C-F,72,50,35,17
7,C-F,72,50,36,18
7,C-F,72,50,32,18
7,C-F,72,50,32,18
7,C-F,72,50,34,18
7,C-F,72,50,31,18
7,C-F,72,50,30,18
7,C-F,72,50,35,18
7,C-F,72,50,31,18
7,C-F,72,50,32,18
7,C-F,72,50,34,18
7,C-F,72,50,32,18
7,C-F,72,50,36,18
7,C-F,72,50,33,18
7,C-F,72,50,30,18
7,C-F,72,50,35,18
7,C-F,72,50,40,19
7,C-F,72,50,42,19
7,C-F,72,50,43,19
7,C-F,72,50,45,19
7,C-F,72,50,46,19
7,C-F,72,50,43,19
7,C-F,72,50,41,19
7,C-F,72,50,42,19
7,C-F,72,50,45,19
7,C-F,72,50,41,19
7,C-F,72,50,40,19
7,C-F,72,50,43,19
7,C-F,72,50,45,19
7,C-F,72,50,46,19
7,C-F,72,50,43,19
7,C-F,72,50,42,20
7,C-F,72,50,41,20
7,C-F,72,50,44,20
7,C-F,72,50,45,20
7,C-F,72,50,47,20
7,C-F,72,50,48,20
7,C-F,72,50,46,20
7,C-F,72,50,48,20
7,C-F,72,50,47,20
7,C-F,72,50,45,20
7,C-F,72,50,46,20
7,C-F,72,50,43,20
7,C-F,72,50,45,20
7,C-F,72,50,47,20
7,C-F,72,50,48,20
7,C-F,72,50,44,21
7,C-F,72,50,45,21
7,C-F,72,50,43,21
7,C-F,72,50,46,21
7,C-F,72,50,45,21
7,C-F,72,50,48,21
7,C-F,72,50,47,21
7,C-F,72,50,41,21
7,C-F,72,50,42,21
7,C-F,72,50,45,21
7,C-F,72,50,46,21
7,C-F,72,50,45,21
7,C-F,72,50,47,21
7,C-F,72,50,45,21
7,C-F,72,50,44,21
7,C-F,72,50,42,22
7,C-F,72,50,43,22
7,C-F,72,50,45,22
7,C-F,72,50,46,22
7,C-F,72,50,45,22
7,C-F,72,50,44,22
7,C-F,72,50,41,22
7,C-F,72,50,48,22
7,C-F,72,50,47,22
7,C-F,72,50,46,22
7,C-F,72,50,47,22
7,C-F,72,50,45,22
7,C-F,72,50,46,22
7,C-F,72,50,46,22
7,C-F,72,50,42,22
7,C-F,72,50,43,23
7,C-F,72,50,46,23
7,C-F,72,50,45,23
7,C-F,72,50,50,23
7,C-F,72,50,50,23
7,C-F,72,50,50,23
7,C-F,72,50,50,23
7,C-F,72,50,49,23
7,C-F,72,50,48,23
7,C-F,72,50,49,23
7,C-F,72,50,47,23
7,C-F,72,50,49,23
7,C-F,72,50,48,23
7,C-F,72,50,47,23
7,C-F,72,50,49,23
8,E-F,63,60,60,0
8,E-F,63,60,60,0
8,E-F,63,60,60,0
8,E-F,63,60,60,0
8,E-F,63,60,59,0
8,E-F,63,60,58,0
8,E-F,63,60,59,0
8,E-F,63,60,57,0
8,E-F,63,60,59,0
8,E-F,63,60,59,0
8,E-F,63,60,56,0
8,E-F,63,60,60,0
8,E-F,63,60,60,0
8,E-F,63,60,59,0
8,E-F,63,60,58,0
8,E-F,63,60,59,1
8,E-F,63,60,56,1
8,E-F,63,60,59,1
8,E-F,63,60,59,1
8,E-F,63,60,57,1
8,E-F,63,60,58,1
8,E-F,63,60,60,1
8,E-F,63,60,60,1
8,E-F,63,60,60,1
8,E-F,63,60,60,1
8,E-F,63,60,60,1
8,E-F,63,60,59,1
8,E-F,63,60,59,1
8,E-F,63,60,58,1
8,E-F,63,60,59,1
8,E-F,63,60,56,2
8,E-F,63,60,57,2
8,E-F,63,60,59,2
8,E-F,63,60,56,2
8,E-F,63,60,58,2
8,E-F,63,60,59,2
8,E-F,63,60,57,2
8,E-F,63,60,59,2
8,E-F,63,60,60,2
8,E-F,63,60,60,2
8,E-F,63,60,60,2
8,E-F,63,60,60,2
8,E-F,63,60,56,2
8,E-F,63,60,59,2
8,E-F,63,60,58,2
8,E-F,63,60,59,3
8,E-F,63,60,59,3
8,E-F,63,60,60,3
8,E-F,63,60,60,3
8,E-F,63,60,60,3
8,E-F,63,60,60,3
8,E-F,63,60,60,3
8,E-F,63,60,60,3
8,E-F,63,60,59,3
8,E-F,63,60,58,3
8,E-F,63,60,59,3
8,E-F,63,60,59,3
8,E-F,63,60,56,3
8,E-F,63,60,57,3
8,E-F,63,60,59,3
8,E-F,63,60,58,4
8,E-F,63,60,60,4
8,E-F,63,60,60,4
8,E-F,63,60,60,4
8,E-F,63,60,60,4
8,E-F,63,60,60,4
8,E-F,63,60,60,4
8,E-F,63,60,59,4
8,E-F,63,60,56,4
8,E-F,63,60,57,4
8,E-F,63,60,59,4
8,E-F,63,60,58,4
8,E-F,63,60,56,4
8,E-F,63,60,59,4
8,E-F,63,60,58,4
8,E-F,63,60,59,5
8,E-F,63,60,60,5
8,E-F,63,60,60,5
8,E-F,63,60,60,5
8,E-F,63,60,60,5
8,E-F,63,60,60,5
8,E-F,63,60,59,5
8,E-F,63,60,58,5
8,E-F,63,60,59,5
8,E-F,63,60,59,5
8,E-F,63,60,56,5
8,E-F,63,60,59,5
8,E-F,63,60,58,5
8,E-F,63,60,59,5
8,E-F,63,60,60,5
8,E-F,63,60,53,6
8,E-F,63,60,56,6
8,E-F,63,60,54,6
8,E-F,63,60,56,6
8,E-F,63,60,54,6
8,E-F,63,60,51,6
8,E-F,63,60,52,6
8,E-F,63,60,53,6
8,E-F,63,60,56,6
8,E-F,63,60,54,6
8,E-F,63,60,56,6
8,E-F,63,60,57,6
8,E-F,63,60,56,6
8,E-F,63,60,57,6
8,E-F,63,60,56,6
8,E-F,63,60,56,7
8,E-F,63,60,51,7
8,E-F,63,60,52,7
8,E-F,63,60,51,7
8,E-F,63,60,49,7
8,E-F,63,60,49,7
8,E-F,63,60,52,7
8,E-F,63,60,43,7
8,E-F,63,60,51,7
8,E-F,63,60,49,7
8,E-F,63,60,48,7
8,E-F,63,60,49,7
8,E-F,63,60,49,7
8,E-F,63,60,45,7
8,E-F,63,60,44,7
8,E-F,63,60,43,8
8,E-F,63,60,45,8
8,E-F,63,60,43,8
8,E-F,63,60,48,8
8,E-F,63,60,47,8
8,E-F,63,60,49,8
8,E-F,63,60,46,8
8,E-F,63,60,43,8
8,E-F,63,60,45,8
8,E-F,63,60,48,8
8,E-F,63,60,49,8
8,E-F,63,60,47,8
8,E-F,63,60,49,8
8,E-F,63,60,45,8
8,E-F,63,60,46,8
8,E-F,63,60,49,9
8,E-F,63,60,48,9
8,E-F,63,60,49,9
8,E-F,63,60,49,9
8,E-F,63,60,50,9
8,E-F,63,60,51,9
8,E-F,63,60,51,9
8,E-F,63,60,52,9
8,E-F,63,60,52,9
8,E-F,63,60,51,9
8,E-F,63,60,49,9
8,E-F,63,60,48,9
8,E-F,63,60,49,9
8,E-F,63,60,47,9
8,E-F,63,60,49,9
8,E-F,63,60,48,10
8,E-F,63,60,55,10
8,E-F,63,60,54,10
8,E-F,63,60,51,10
8,E-F,63,60,53,10
8,E-F,63,60,56,10
8,E-F,63,60,55,10
8,E-F,63,60,54,10
8,E-F,63,60,50,10
8,E-F,63,60,59,10
8,E-F,63,60,55,10
8,E-F,63,60,56,10
8,E-F,63,60,54,10
8,E-F,63,60,49,10
8,E-F,63,60,48,10
8,E-F,63,60,49,11
8,E-F,63,60,46,11
8,E-F,63,60,43,11
8,E-F,63,60,49,11
8,E-F,63,60,49,11
8,E-F,63,60,49,11
8,E-F,63,60,50,11
8,E-F,63,60,51,11
8,E-F,63,60,52,11
8,E-F,63,60,53,11
8,E-F,63,60,53,11
8,E-F,63,60,53,11
8,E-F,63,60,53,11
8,E-F,63,60,51,11
8,E-F,63,60,52,11
8,E-F,63,60,50,12
8,E-F,63,60,50,12
8,E-F,63,60,51,12
8,E-F,63,60,49,12
8,E-F,63,60,51,12
8,E-F,63,60,52,12
8,E-F,63,60,52,12
8,E-F,63,60,53,12
8,E-F,63,60,53,12
8,E-F,63,60,56,12
8,E-F,63,60,54,12
8,E-F,63,60,49,12
8,E-F,63,60,48,12
8,E-F,63,60,49,12
8,E-F,63,60,49,12
8,E-F,63,60,46,13
8,E-F,63,60,45,13
8,E-F,63,60,49,13
8,E-F,63,60,48,13
8,E-F,63,60,49,13
8,E-F,63,60,46,13
8,E-F,63,60,49,13
8,E-F,63,60,50,13
8,E-F,63,60,51,13
8,E-F,63,60,52,13
8,E-F,63,60,53,13
8,E-F,63,60,54,13
8,E-F,63,60,52,13
8,E-F,63,60,53,13
8,E-F,63,60,56,13
8,E-F,63,60,54,14
8,E-F,63,60,50,14
8,E-F,63,60,52,14
8,E-F,63,60,53,14
8,E-F,63,60,54,14
8,E-F,63,60,51,14
8,E-F,63,60,51,14
8,E-F,63,60,52,14
8,E-F,63,60,53,14
8,E-F,63,60,53,14
8,E-F,63,60,56,14
8,E-F,63,60,54,14
8,E-F,63,60,52,14
8,E-F,63,60,51,14
8,E-F,63,60,53,14
8,E-F,63,60,53,15
8,E-F,63,60,56,15
8,E-F,63,60,51,15
8,E-F,63,60,52,15
8,E-F,63,60,50,15
8,E-F,63,60,51,15
8,E-F,63,60,49,15
8,E-F,63,60,48,15
8,E-F,63,60,49,15
8,E-F,63,60,49,15
8,E-F,63,60,51,15
8,E-F,63,60,52,15
8,E-F,63,60,53,15
8,E-F,63,60,53,15
8,E-F,63,60,51,15
8,E-F,63,60,54,16
8,E-F,63,60,49,16
8,E-F,63,60,46,16
8,E-F,63,60,50,16
8,E-F,63,60,51,16
8,E-F,63,60,52,16
8,E-F,63,60,49,16
8,E-F,63,60,48,16
8,E-F,63,60,49,16
8,E-F,63,60,47,16
8,E-F,63,60,46,16
8,E-F,63,60,49,16
8,E-F,63,60,48,16
8,E-F,63,60,49,16
8,E-F,63,60,45,16
8,E-F,63,60,48,17
8,E-F,63,60,49,17
8,E-F,63,60,50,17
8,E-F,63,60,51,17
8,E-F,63,60,52,17
8,E-F,63,60,51,17
8,E-F,63,60,49,17
8,E-F,63,60,48,17
8,E-F,63,60,47,17
8,E-F,63,60,46,17
8,E-F,63,60,49,17
8,E-F,63,60,45,17
8,E-F,63,60,42,17
8,E-F,63,60,43,17
8,E-F,63,60,45,17
8,E-F,63,60,49,18
8,E-F,63,60,45,18
8,E-F,63,60,46,18
8,E-F,63,60,48,18
8,E-F,63,60,49,18
8,E-F,63,60,50,18
8,E-F,63,60,51,18
8,E-F,63,60,52,18
8,E-F,63,60,51,18
8,E-F,63,60,49,18
8,E-F,63,60,48,18
8,E-F,63,60,47,18
8,E-F,63,60,46,18
8,E-F,63,60,49,18
8,E-F,63,60,48,18
8,E-F,63,60,49,19
8,E-F,63,60,54,19
8,E-F,63,60,51,19
8,E-F,63,60,52,19
8,E-F,63,60,53,19
8,E-F,63,60,51,19
8,E-F,63,60,50,19
8,E-F,63,60,49,19
8,E-F,63,60,48,19
8,E-F,63,60,49,19
8,E-F,63,60,51,19
8,E-F,63,60,52,19
8,E-F,63,60,53,19
8,E-F,63,60,50,19
8,E-F,63,60,51,19
8,E-F,63,60,52,20
8,E-F,63,60,51,20
8,E-F,63,60,53,20
8,E-F,63,60,55,20
8,E-F,63,60,54,20
8,E-F,63,60,51,20
8,E-F,63,60,52,20
8,E-F,63,60,51,20
8,E-F,63,60,53,20
8,E-F,63,60,49,20
8,E-F,63,60,48,20
8,E-F,63,60,49,20
8,E-F,63,60,46,20
8,E-F,63,60,45,20
8,E-F,63,60,49,20
8,E-F,63,60,48,21
8,E-F,63,60,50,21
8,E-F,63,60,51,21
8,E-F,63,60,52,21
8,E-F,63,60,53,21
8,E-F,63,60,54,21
8,E-F,63,60,51,21
8,E-F,63,60,52,21
8,E-F,63,60,51,21
8,E-F,63,60,50,21
8,E-F,63,60,53,21
8,E-F,63,60,56,21
8,E-F,63,60,51,21
8,E-F,63,60,52,21
8,E-F,63,60,54,21
8,E-F,63,60,57,22
8,E-F,63,60,58,22
8,E-F,63,60,57,22
8,E-F,63,60,59,22
8,E-F,63,60,58,22
8,E-F,63,60,56,22
8,E-F,63,60,54,22
8,E-F,63,60,51,22
8,E-F,63,60,52,22
8,E-F,63,60,51,22
8,E-F,63,60,54,22
8,E-F,63,60,58,22
8,E-F,63,60,59,22
8,E-F,63,60,57,22
8,E-F,63,60,58,22
8,E-F,63,60,56,23
8,E-F,63,60,60,23
8,E-F,63,60,60,23
8,E-F,63,60,60,23
8,E-F,63,60,60,23
8,E-F,63,60,56,23
8,E-F,63,60,57,23
8,E-F,63,60,59,23
8,E-F,63,60,54,23
8,E-F,63,60,51,23
8,E-F,63,60,53,23
8,E-F,63,60,59,23
8,E-F,63,60,58,23
8,E-F,63,60,59,23
8,E-F,63,60,56,23
9,E-G,87,55,54,0
9,E-G,87,55,55,0
9,E-G,87,55,55,0
9,E-G,87,55,55,0
9,E-G,87,55,55,0
9,E-G,87,55,55,0
9,E-G,87,55,54,0
9,E-G,87,55,53,0
9,E-G,87,55,55,0
9,E-G,87,55,55,0
9,E-G,87,55,51,0
9,E-G,87,55,53,0
9,E-G,87,55,52,0
9,E-G,87,55,51,0
9,E-G,87,55,54,0
9,E-G,87,55,50,1
9,E-G,87,55,52,1
9,E-G,87,55,51,1
9,E-G,87,55,53,1
9,E-G,87,55,53,1
9,E-G,87,55,55,1
9,E-G,87,55,55,1
9,E-G,87,55,55,1
9,E-G,87,55,55,1
9,E-G,87,55,55,1
9,E-G,87,55,55,1
9,E-G,87,55,54,1
9,E-G,87,55,51,1
9,E-G,87,55,52,1
9,E-G,87,55,54,1
9,E-G,87,55,53,2
9,E-G,87,55,55,2
9,E-G,87,55,55,2
9,E-G,87,55,55,2
9,E-G,87,55,55,2
9,E-G,87,55,54,2
9,E-G,87,55,51,2
9,E-G,87,55,53,2
9,E-G,87,55,54,2
9,E-G,87,55,52,2
9,E-G,87,55,53,2
9,E-G,87,55,54,2
9,E-G,87,55,51,2
9,E-G,87,55,51,2
9,E-G,87,55,52,2
9,E-G,87,55,55,3
9,E-G,87,55,55,3
9,E-G,87,55,53,3
9,E-G,87,55,54,3
9,E-G,87,55,51,3
9,E-G,87,55,54,3
9,E-G,87,55,53,3
9,E-G,87,55,52,3
9,E-G,87,55,54,3
9,E-G,87,55,55,3
9,E-G,87,55,55,3
9,E-G,87,55,51,3
9,E-G,87,55,52,3
9,E-G,87,55,55,3
9,E-G,87,55,54,3
9,E-G,87,55,51,4
9,E-G,87,55,53,4
9,E-G,87,55,55,4
9,E-G,87,55,54,4
9,E-G,87,55,51,4
9,E-G,87,55,53,4
9,E-G,87,55,53,4
9,E-G,87,55,55,4
9,E-G,87,55,54,4
9,E-G,87,55,51,4
9,E-G,87,55,53,4
9,E-G,87,55,52,4
9,E-G,87,55,51,4
9,E-G,87,55,55,4
9,E-G,87,55,54,4
9,E-G,87,55,51,5
9,E-G,87,55,53,5
9,E-G,87,55,55,5
9,E-G,87,55,55,5
9,E-G,87,55,55,5
9,E-G,87,55,54,5
9,E-G,87,55,51,5
9,E-G,87,55,53,5
9,E-G,87,55,52,5
9,E-G,87,55,53,5
9,E-G,87,55,54,5
9,E-G,87,55,51,5
9,E-G,87,55,53,5
9,E-G,87,55,52,5
9,E-G,87,55,53,5
9,E-G,87,55,49,6
9,E-G,87,55,45,6
9,E-G,87,55,46,6
9,E-G,87,55,43,6
9,E-G,87,55,48,6
9,E-G,87,55,48,6
9,E-G,87,55,49,6
9,E-G,87,55,47,6
9,E-G,87,55,50,6
9,E-G,87,55,51,6
9,E-G,87,55,52,6
9,E-G,87,55,51,6
9,E-G,87,55,46,6
9,E-G,87,55,49,6
9,E-G,87,55,48,6
9,E-G,87,55,46,7
9,E-G,87,55,44,7
9,E-G,87,55,41,7
9,E-G,87,55,42,7
9,E-G,87,55,43,7
9,E-G,87,55,41,7
9,E-G,87,55,42,7
9,E-G,87,55,43,7
9,E-G,87,55,42,7
9,E-G,87,55,46,7
9,E-G,87,55,45,7
9,E-G,87,55,48,7
9,E-G,87,55,47,7
9,E-G,87,55,46,7
9,E-G,87,55,43,7
9,E-G,87,55,42,8
9,E-G,87,55,41,8
9,E-G,87,55,42,8
9,E-G,87,55,43,8
9,E-G,87,55,45,8
9,E-G,87,55,46,8
9,E-G,87,55,45,8
9,E-G,87,55,44,8
9,E-G,87,55,41,8
9,E-G,87,55,42,8
9,E-G,87,55,43,8
9,E-G,87,55,45,8
9,E-G,87,55,49,8
9,E-G,87,55,48,8
9,E-G,87,55,45,8
9,E-G,87,55,42,9
9,E-G,87,55,49,9
9,E-G,87,55,48,9
9,E-G,87,55,46,9
9,E-G,87,55,45,9
9,E-G,87,55,48,9
9,E-G,87,55,46,9
9,E-G,87,55,48,9
9,E-G,87,55,47,9
9,E-G,87,55,48,9
9,E-G,87,55,49,9
9,E-G,87,55,46,9
9,E-G,87,55,45,9
9,E-G,87,55,43,9
9,E-G,87,55,50,9
9,E-G,87,55,45,10
9,E-G,87,55,42,10
9,E-G,87,55,41,10
9,E-G,87,55,43,10
9,E-G,87,55,43,10
9,E-G,87,55,46,10
9,E-G,87,55,41,10
9,E-G,87,55,42,10
9,E-G,87,55,46,10
9,E-G,87,55,45,10
9,E-G,87,55,48,10
9,E-G,87,55,47,10
9,E-G,87,55,48,10
9,E-G,87,55,46,10
9,E-G,87,55,45,10
9,E-G,87,55,43,11
9,E-G,87,55,43,11
9,E-G,87,55,42,11
9,E-G,87,55,41,11
9,E-G,87,55,40,11
9,E-G,87,55,43,11
9,E-G,87,55,46,11
9,E-G,87,55,45,11
9,E-G,87,55,46,11
9,E-G,87,55,41,11
9,E-G,87,55,42,11
9,E-G,87,55,43,11
9,E-G,87,55,45,11
9,E-G,87,55,42,11
9,E-G,87,55,43,11
9,E-G,87,55,41,12
9,E-G,87,55,43,12
9,E-G,87,55,42,12
9,E-G,87,55,43,12
9,E-G,87,55,45,12
9,E-G,87,55,46,12
9,E-G,87,55,43,12
9,E-G,87,55,42,12
9,E-G,87,55,42,12
9,E-G,87,55,43,12
9,E-G,87,55,41,12
9,E-G,87,55,45,12
9,E-G,87,55,43,12
9,E-G,87,55,46,12
9,E-G,87,55,45,12
9,E-G,87,55,43,13
9,E-G,87,55,42,13
9,E-G,87,55,48,13
9,E-G,87,55,46,13
9,E-G,87,55,45,13
9,E-G,87,55,43,13
9,E-G,87,55,45,13
9,E-G,87,55,46,13
9,E-G,87,55,43,13
9,E-G,87,55,45,13
9,E-G,87,55,41,13
9,E-G,87,55,42,13
9,E-G,87,55,43,13
9,E-G,87,55,45,13
9,E-G,87,55,47,13
9,E-G,87,55,48,14
9,E-G,87,55,48,14
9,E-G,87,55,49,14
9,E-G,87,55,46,14
9,E-G,87,55,45,14
9,E-G,87,55,42,14
9,E-G,87,55,43,14
9,E-G,87,55,41,14
9,E-G,87,55,45,14
9,E-G,87,55,43,14
9,E-G,87,55,45,14
9,E-G,87,55,46,14
9,E-G,87,55,47,14
9,E-G,87,55,45,14
9,E-G,87,55,42,14
9,E-G,87,55,41,15
9,E-G,87,55,43,15
9,E-G,87,55,45,15
9,E-G,87,55,46,15
9,E-G,87,55,41,15
9,E-G,87,55,43,15
9,E-G,87,55,45,15
9,E-G,87,55,46,15
9,E-G,87,55,42,15
9,E-G,87,55,41,15
9,E-G,87,55,42,15
9,E-G,87,55,46,15
9,E-G,87,55,43,15
9,E-G,87,55,45,15
9,E-G,87,55,43,15
9,E-G,87,55,44,16
9,E-G,87,55,45,16
9,E-G,87,55,42,16
9,E-G,87,55,43,16
9,E-G,87,55,48,16
9,E-G,87,55,47,16
9,E-G,87,55,46,16
9,E-G,87,55,45,16
9,E-G,87,55,46,16
9,E-G,87,55,43,16
9,E-G,87,55,43,16
9,E-G,87,55,43,16
9,E-G,87,55,42,16
9,E-G,87,55,41,16
9,E-G,87,55,45,16
9,E-G,87,55,46,17
9,E-G,87,55,42,17
9,E-G,87,55,45,17
9,E-G,87,55,46,17
9,E-G,87,55,43,17
9,E-G,87,55,42,17
9,E-G,87,55,46,17
9,E-G,87,55,44,17
9,E-G,87,55,45,17
9,E-G,87,55,43,17
9,E-G,87,55,41,17
9,E-G,87,55,42,17
9,E-G,87,55,43,17
9,E-G,87,55,41,17
9,E-G,87,55,40,17
9,E-G,87,55,45,18
9,E-G,87,55,43,18
9,E-G,87,55,43,18
9,E-G,87,55,42,18
9,E-G,87,55,43,18
9,E-G,87,55,45,18
9,E-G,87,55,43,18
9,E-G,87,55,41,18
9,E-G,87,55,42,18
9,E-G,87,55,43,18
9,E-G,87,55,44,18
9,E-G,87,55,45,18
9,E-G,87,55,46,18
9,E-G,87,55,43,18
9,E-G,87,55,41,18
9,E-G,87,55,39,19
9,E-G,87,55,36,19
9,E-G,87,55,38,19
9,E-G,87,55,40,19
9,E-G,87,55,41,19
9,E-G,87,55,42,19
9,E-G,87,55,43,19
9,E-G,87,55,41,19
9,E-G,87,55,42,19
9,E-G,87,55,45,19
9,E-G,87,55,40,19
9,E-G,87,55,46,19
9,E-G,87,55,43,19
9,E-G,87,55,42,19
9,E-G,87,55,40,19
9,E-G,87,55,49,20
9,E-G,87,55,48,20
9,E-G,87,55,46,20
9,E-G,87,55,45,20
9,E-G,87,55,47,20
9,E-G,87,55,48,20
9,E-G,87,55,46,20
9,E-G,87,55,45,20
9,E-G,87,55,49,20
9,E-G,87,55,48,20
9,E-G,87,55,50,20
9,E-G,87,55,51,20
9,E-G,87,55,54,20
9,E-G,87,55,51,20
9,E-G,87,55,52,20
9,E-G,87,55,53,21
9,E-G,87,55,51,21
9,E-G,87,55,52,21
9,E-G,87,55,51,21
9,E-G,87,55,49,21
9,E-G,87,55,48,21
9,E-G,87,55,49,21
9,E-G,87,55,46,21
9,E-G,87,55,48,21
9,E-G,87,55,47,21
9,E-G,87,55,49,21
9,E-G,87,55,50,21
9,E-G,87,55,51,21
9,E-G,87,55,52,21
9,E-G,87,55,53,21
9,E-G,87,55,54,22
9,E-G,87,55,53,22
9,E-G,87,55,52,22
9,E-G,87,55,51,22
9,E-G,87,55,53,22
9,E-G,87,55,55,22
9,E-G,87,55,51,22
9,E-G,87,55,50,22
9,E-G,87,55,49,22
9,E-G,87,55,48,22
9,E-G,87,55,49,22
9,E-G,87,55,47,22
9,E-G,87,55,50,22
9,E-G,87,55,51,22
9,E-G,87,55,52,22
9,E-G,87,55,53,23
9,E-G,87,55,51,23
9,E-G,87,55,55,23
9,E-G,87,55,55,23
9,E-G,87,55,55,23
9,E-G,87,55,55,23
9,E-G,87,55,54,23
9,E-G,87,55,51,23
9,E-G,87,55,53,23
9,E-G,87,55,52,23
9,E-G,87,55,54,23
9,E-G,87,55,50,23
9,E-G,87,55,49,23
9,E-G,87,55,48,23
9,E-G,87,55,49,23
10,F-G,130,70,70,0
10,F-G,130,70,70,0
10,F-G,130,70,70,0
10,F-G,130,70,70,0
10,F-G,130,70,70,0
10,F-G,130,70,70,0
10,F-G,130,70,69,0
10,F-G,130,70,68,0
10,F-G,130,70,69,0
10,F-G,130,70,67,0
10,F-G,130,70,69,0
10,F-G,130,70,68,0
10,F-G,130,70,69,0
10,F-G,130,70,65,0
10,F-G,130,70,67,0
10,F-G,130,70,68,1
10,F-G,130,70,65,1
10,F-G,130,70,70,1
10,F-G,130,70,70,1
10,F-G,130,70,70,1
10,F-G,130,70,70,1
10,F-G,130,70,70,1
10,F-G,130,70,70,1
10,F-G,130,70,70,1
10,F-G,130,70,69,1
10,F-G,130,70,69,1
10,F-G,130,70,68,1
10,F-G,130,70,69,1
10,F-G,130,70,67,1
10,F-G,130,70,68,1
10,F-G,130,70,69,2
10,F-G,130,70,70,2
10,F-G,130,70,70,2
10,F-G,130,70,70,2
10,F-G,130,70,70,2
10,F-G,130,70,70,2
10,F-G,130,70,70,2
10,F-G,130,70,69,2
10,F-G,130,70,68,2
10,F-G,130,70,69,2
10,F-G,130,70,67,2
10,F-G,130,70,69,2
10,F-G,130,70,68,2
10,F-G,130,70,69,2
10,F-G,130,70,65,2
10,F-G,130,70,67,3
10,F-G,130,70,64,3
10,F-G,130,70,68,3
10,F-G,130,70,65,3
10,F-G,130,70,70,3
10,F-G,130,70,70,3
10,F-G,130,70,70,3
10,F-G,130,70,70,3
10,F-G,130,70,70,3
10,F-G,130,70,69,3
10,F-G,130,70,68,3
10,F-G,130,70,69,3
10,F-G,130,70,67,3
10,F-G,130,70,65,3
10,F-G,130,70,64,3
10,F-G,130,70,67,4
10,F-G,130,70,68,4
10,F-G,130,70,69,4
10,F-G,130,70,68,4
10,F-G,130,70,69,4
10,F-G,130,70,65,4
10,F-G,130,70,70,4
10,F-G,130,70,70,4
10,F-G,130,70,70,4
10,F-G,130,70,70,4
10,F-G,130,70,70,4
10,F-G,130,70,70,4
10,F-G,130,70,70,4
10,F-G,130,70,70,4
10,F-G,130,70,68,4
10,F-G,130,70,70,5
10,F-G,130,70,65,5
10,F-G,130,70,64,5
10,F-G,130,70,63,5
10,F-G,130,70,69,5
10,F-G,130,70,68,5
10,F-G,130,70,69,5
10,F-G,130,70,67,5
10,F-G,130,70,64,5
10,F-G,130,70,60,5
10,F-G,130,70,65,5
10,F-G,130,70,64,5
10,F-G,130,70,67,5
10,F-G,130,70,62,5
10,F-G,130,70,63,5
10,F-G,130,70,64,6
10,F-G,130,70,65,6
10,F-G,130,70,67,6
10,F-G,130,70,68,6
10,F-G,130,70,69,6
10,F-G,130,70,69,6
10,F-G,130,70,68,6
10,F-G,130,70,65,6
10,F-G,130,70,61,6
10,F-G,130,70,63,6
10,F-G,130,70,63,6
10,F-G,130,70,63,6
10,F-G,130,70,62,6
10,F-G,130,70,63,6
10,F-G,130,70,64,6
10,F-G,130,70,62,7
10,F-G,130,70,59,7
10,F-G,130,70,58,7
10,F-G,130,70,59,7
10,F-G,130,70,59,7
10,F-G,130,70,54,7
10,F-G,130,70,51,7
10,F-G,130,70,52,7
10,F-G,130,70,53,7
10,F-G,130,70,56,7
10,F-G,130,70,59,7
10,F-G,130,70,58,7
10,F-G,130,70,59,7
10,F-G,130,70,57,7
10,F-G,130,70,54,7
10,F-G,130,70,60,8
10,F-G,130,70,61,8
10,F-G,130,70,62,8
10,F-G,130,70,59,8
10,F-G,130,70,58,8
10,F-G,130,70,59,8
10,F-G,130,70,57,8
10,F-G,130,70,54,8
10,F-G,130,70,51,8
10,F-G,130,70,60,8
10,F-G,130,70,62,8
10,F-G,130,70,63,8
10,F-G,130,70,64,8
10,F-G,130,70,62,8
10,F-G,130,70,60,8
10,F-G,130,70,59,9
10,F-G,130,70,58,9
10,F-G,130,70,59,9
10,F-G,130,70,56,9
10,F-G,130,70,59,9
10,F-G,130,70,60,9
10,F-G,130,70,61,9
10,F-G,130,70,62,9
10,F-G,130,70,63,9
10,F-G,130,70,61,9
10,F-G,130,70,62,9
10,F-G,130,70,60,9
10,F-G,130,70,60,9
10,F-G,130,70,64,9
10,F-G,130,70,65,9
10,F-G,130,70,59,10
10,F-G,130,70,58,10
10,F-G,130,70,59,10
10,F-G,130,70,57,10
10,F-G,130,70,56,10
10,F-G,130,70,60,10
10,F-G,130,70,61,10
10,F-G,130,70,62,10
10,F-G,130,70,59,10
10,F-G,130,70,58,10
10,F-G,130,70,59,10
10,F-G,130,70,56,10
10,F-G,130,70,52,10
10,F-G,130,70,50,10
10,F-G,130,70,51,10
10,F-G,130,70,53,11
10,F-G,130,70,56,11
10,F-G,130,70,59,11
10,F-G,130,70,58,11
10,F-G,130,70,59,11
10,F-G,130,70,56,11
10,F-G,130,70,53,11
10,F-G,130,70,52,11
10,F-G,130,70,55,11
10,F-G,130,70,54,11
10,F-G,130,70,59,11
10,F-G,130,70,56,11
10,F-G,130,70,54,11
10,F-G,130,70,52,11
10,F-G,130,70,53,11
10,F-G,130,70,56,12
10,F-G,130,70,60,12
10,F-G,130,70,61,12
10,F-G,130,70,62,12
10,F-G,130,70,64,12
10,F-G,130,70,62,12
10,F-G,130,70,61,12
10,F-G,130,70,59,12
10,F-G,130,70,56,12
10,F-G,130,70,59,12
10,F-G,130,70,58,12
10,F-G,130,70,59,12
10,F-G,130,70,56,12
10,F-G,130,70,61,12
10,F-G,130,70,62,12
10,F-G,130,70,64,13
10,F-G,130,70,62,13
10,F-G,130,70,63,13
10,F-G,130,70,60,13
10,F-G,130,70,61,13
10,F-G,130,70,62,13
10,F-G,130,70,59,13
10,F-G,130,70,59,13
10,F-G,130,70,58,13
10,F-G,130,70,59,13
10,F-G,130,70,57,13
10,F-G,130,70,56,13
10,F-G,130,70,59,13
10,F-G,130,70,54,13
10,F-G,130,70,50,13
10,F-G,130,70,60,14
10,F-G,130,70,61,14
10,F-G,130,70,62,14
10,F-G,130,70,61,14
10,F-G,130,70,63,14
10,F-G,130,70,60,14
10,F-G,130,70,62,14
10,F-G,130,70,63,14
10,F-G,130,70,62,14
10,F-G,130,70,61,14
10,F-G,130,70,62,14
10,F-G,130,70,59,14
10,F-G,130,70,58,14
10,F-G,130,70,59,14
10,F-G,130,70,56,14
10,F-G,130,70,59,15
10,F-G,130,70,60,15
10,F-G,130,70,62,15
10,F-G,130,70,61,15
10,F-G,130,70,63,15
10,F-G,130,70,62,15
10,F-G,130,70,61,15
10,F-G,130,70,59,15
10,F-G,130,70,57,15
10,F-G,130,70,59,15
10,F-G,130,70,58,15
10,F-G,130,70,56,15
10,F-G,130,70,54,15
10,F-G,130,70,53,15
10,F-G,130,70,56,15
10,F-G,130,70,54,16
10,F-G,130,70,56,16
10,F-G,130,70,58,16
10,F-G,130,70,59,16
10,F-G,130,70,56,16
10,F-G,130,70,54,16
10,F-G,130,70,50,16
10,F-G,130,70,51,16
10,F-G,130,70,55,16
10,F-G,130,70,54,16
10,F-G,130,70,45,16
10,F-G,130,70,53,16
10,F-G,130,70,55,16
10,F-G,130,70,51,16
10,F-G,130,70,52,16
10,F-G,130,70,53,17
10,F-G,130,70,56,17
10,F-G,130,70,54,17
10,F-G,130,70,51,17
10,F-G,130,70,52,17
10,F-G,130,70,53,17
10,F-G,130,70,62,17
10,F-G,130,70,61,17
10,F-G,130,70,63,17
10,F-G,130,70,62,17
10,F-G,130,70,61,17
10,F-G,130,70,49,17
10,F-G,130,70,55,17
10,F-G,130,70,52,17
10,F-G,130,70,51,17
10,F-G,130,70,53,18
10,F-G,130,70,54,18
10,F-G,130,70,51,18
10,F-G,130,70,52,18
10,F-G,130,70,53,18
10,F-G,130,70,55,18
10,F-G,130,70,54,18
10,F-G,130,70,56,18
10,F-G,130,70,57,18
10,F-G,130,70,61,18
10,F-G,130,70,62,18
10,F-G,130,70,61,18
10,F-G,130,70,59,18
10,F-G,130,70,64,18
10,F-G,130,70,62,18
10,F-G,130,70,63,19
10,F-G,130,70,60,19
10,F-G,130,70,59,19
10,F-G,130,70,64,19
10,F-G,130,70,62,19
10,F-G,130,70,61,19
10,F-G,130,70,64,19
10,F-G,130,70,63,19
10,F-G,130,70,62,19
10,F-G,130,70,63,19
10,F-G,130,70,65,19
10,F-G,130,70,64,19
10,F-G,130,70,62,19
10,F-G,130,70,63,19
10,F-G,130,70,64,19
10,F-G,130,70,62,20
10,F-G,130,70,64,20
10,F-G,130,70,65,20
10,F-G,130,70,64,20
10,F-G,130,70,62,20
10,F-G,130,70,63,20
10,F-G,130,70,62,20
10,F-G,130,70,63,20
10,F-G,130,70,65,20
10,F-G,130,70,64,20
10,F-G,130,70,67,20
10,F-G,130,70,65,20
10,F-G,130,70,66,20
10,F-G,130,70,65,20
10,F-G,130,70,64,20
10,F-G,130,70,62,21
10,F-G,130,70,64,21
10,F-G,130,70,65,21
10,F-G,130,70,61,21
10,F-G,130,70,63,21
10,F-G,130,70,62,21
10,F-G,130,70,63,21
10,F-G,130,70,64,21
10,F-G,130,70,62,21
10,F-G,130,70,65,21
10,F-G,130,70,62,21
10,F-G,130,70,61,21
10,F-G,130,70,63,21
10,F-G,130,70,64,21
10,F-G,130,70,67,21
10,F-G,130,70,65,22
10,F-G,130,70,68,22
10,F-G,130,70,69,22
10,F-G,130,70,62,22
10,F-G,130,70,64,22
10,F-G,130,70,65,22
10,F-G,130,70,67,22
10,F-G,130,70,68,22
10,F-G,130,70,69,22
10,F-G,130,70,68,22
10,F-G,130,70,65,22
10,F-G,130,70,65,22
10,F-G,130,70,63,22
10,F-G,130,70,62,22
10,F-G,130,70,64,22
10,F-G,130,70,60,23
10,F-G,130,70,61,23
10,F-G,130,70,65,23
10,F-G,130,70,67,23
10,F-G,130,70,66,23
10,F-G,130,70,68,23
10,F-G,130,70,67,23
10,F-G,130,70,64,23
10,F-G,130,70,70,23
10,F-G,130,70,70,23
10,F-G,130,70,70,23
10,F-G,130,70,70,23
10,F-G,130,70,70,23
10,F-G,130,70,70,23
10,F-G,130,70,70,23
